Column1,Column2,Column4
H4,6229000101574,下午 12:00:59
H4,82572900101474,下午 12:00:59
H4,47101383003174800000,下午 02:37:03
H4,47101383003174800000,上午 11:34:22
H4,55778424124874,下午 12:51:59
H4,82603000101474,上午 09:41:59
H4,46318400101474,上午 11:10:59
H4,15318100101374,上午 11:35:59
H4,15628000101274,上午 10:20:59
H4,40891500100674,上午 10:20:59
H4,3560200100450,下午 02:37:27
H4,83767800101574,上午 11:25:59
H4,55591524124874,上午 10:05:59
H4,668780158351,上午 10:12:59
H4,668280158351,下午 12:01:59
H4,55521024124874,下午 12:06:59
H4,37314700101474,上午 10:07:59
I4,44127400101474,上午 11:00:59
I4,9890900101274,上午 11:00:59
I4,82305300100874,上午 11:00:59
I4,58733210120650,下午 12:00:59
I4,54344010056158,下午 12:00:59
I4,91192010021554,下午 12:00:59
I4,69123000101274,下午 12:00:59
I4,15188800100274,下午 12:00:59
I4,91963300101274,下午 12:30:59
I4,21065800101274,下午 12:30:59
I4,77826700101174,下午 12:30:59
I4,83700500101374,下午 01:00:59
I4,81024500100574,下午 01:00:59
I4,36403300100774,上午 10:55:59
I4,47101383003174800000,下午 06:16:46
I4,668780158351,下午 04:29:40
I4,55521024124874,下午 05:15:54
I4,55133424124874,上午 09:10:59
I4,29283124124874,下午 12:12:59
I4,87390310656158,上午 09:00:59
I4,224810509958,上午 10:09:59
I4,56499410056158,上午 09:00:59
I4,39551010056158,上午 09:12:59
I4,4915210024258,上午 09:15:59
I4,4870910024258,上午 11:04:59
I4,4693410024258,上午 11:29:59
I4,4236210024258,下午 12:10:59
I4,758710024258,上午 11:27:59
I4,91027210021554,上午 10:50:23
I4,90917710021554,下午 12:13:59
I4,23064510003074,上午 08:57:59
I4,4822100101674,下午 12:31:56
I4,3604700101674,上午 09:02:59
I4,87407900101574,下午 01:26:22
I4,68259400101474,上午 09:44:59
I4,44125700101474,上午 10:22:59
I4,10515700101474,上午 09:51:59
I4,99300600101374,上午 11:22:59
I4,18271300101374,上午 10:39:25
I4,91363500101274,上午 11:34:31
I4,86295600101274,下午 01:36:05
I4,86294300101274,下午 01:02:55
I4,23009000101274,上午 11:24:17
I4,2040100101274,下午 12:17:59
I4,928500101274,上午 09:18:59
I4,60250600101174,上午 09:00:59
I4,85375100101074,上午 10:28:59
I4,36206800101074,上午 11:12:59
I4,80936900100974,上午 09:32:59
I4,52346700100974,上午 09:45:59
I4,47182200100974,下午 02:10:20
I4,36571100100974,上午 09:25:59
I4,54489100100874,上午 09:36:59
I4,46274300100874,上午 11:55:59
I4,89565800100650,下午 12:32:01
I4,89565700100650,下午 12:31:58
I4,66555700100674,上午 11:45:59
I4,9638800100674,上午 11:35:59
I4,1079700100674,上午 11:57:14
I4,14409100100574,下午 12:44:59
I4,4017000100274,上午 09:51:59
I4,9437430201116,下午 01:43:02
I4,9145030201116,下午 01:39:44
H4,98763930004710800000,下午 01:16:03
H4,93699326002710800000,下午 01:06:54
H4,15473324630116,下午 01:16:05
H4,10354970700516,下午 01:58:19
H4,11068870700217,下午 01:07:14
H4,1324370602816,下午 12:04:09
H4,8693324100130830000,下午 01:35:02
H4,8148810023918830000,下午 01:36:37
H4,90142970401410800000,下午 01:51:47
H4,37254510614818,下午 01:53:21
H4,93942970400720800000,下午 01:58:45
H4,7036222308618,下午 01:16:13
H4,45161710611218,下午 01:24:29
H4,5065410023918830000,下午 01:16:01
H4,90920630002210800000,下午 01:10:36
H4,27312824605618,下午 01:37:34
H4,27264724605618,下午 01:19:01
H4,95683224145020800000,下午 01:45:08
H4,41947424103630800000,下午 01:19:16
H4,17654624103630800000,下午 01:36:28
H4,17627224103630800000,下午 01:10:02
H4,17605624103630000000,下午 01:10:06
H4,17576024103630800000,下午 01:07:45
H4,1953170600618,下午 01:19:15
H4,56748610028318800000,下午 01:07:43
H4,97421470405910800000,下午 12:04:39
H4,8636524100130830000,上午 11:45:22
H4,97294570402810800000,下午 01:45:26
H4,7585210615318,下午 01:18:06
H4,7583610615318,下午 01:45:38
H4,9608110023918830000,下午 01:17:16
H4,8942510023918830000,下午 01:17:07
H4,5094410023918830000,下午 01:18:33
H4,5086210023918830000,下午 01:17:09
H4,9622110023918830000,下午 01:09:06
H4,8148910023918830000,下午 02:02:34
H4,5577610023918830000,下午 01:37:47
H4,9607910023918830000,下午 02:02:41
H4,60837910614832,下午 01:26:46
H4,23178022331032,下午 02:00:53
I4,98672330004320800000,下午 01:26:30
I4,93286430003810800000,下午 02:06:27
I4,98141830003610800000,下午 01:26:30
I4,96444430003410800000,下午 02:06:27
I4,91589830003321800000,下午 01:56:58
I4,98955130002910800000,下午 01:28:24
I4,91814330002710800000,下午 12:03:41
I4,93475630002270800000,上午 11:57:56
I4,3052526100816,下午 02:10:07
I4,14184026002516,下午 02:06:27
I4,10901324603816,下午 01:56:58
I4,59724603518,下午 01:43:51
I4,1524624600178,上午 10:13:52
I4,2955524330116,下午 02:10:07
I4,16638024304316,下午 02:10:07
I4,28481124300316,下午 01:56:58
I4,7877924201918,下午 01:25:36
I4,28572024201116,下午 01:49:40
I4,26625124200318,下午 01:49:40
I4,97341024145070800000,下午 01:26:30
I4,42690224126178,上午 11:07:27
I4,42645724126178,下午 01:56:58
I4,99565924105618,下午 01:26:30
I4,86010824105618,下午 02:06:27
I4,68051524105618,下午 01:25:36
I4,39059624105618,下午 02:10:07
I4,23004324105618,下午 01:28:24
I4,98904224105510800000,下午 12:57:36
I4,90919424104410800000,下午 12:57:36
I4,45390224103630800000,下午 01:49:40
I4,74570701218,下午 01:56:58
I4,22251870701116,下午 02:06:27
I4,42466524103630800000,下午 01:28:24
I4,42405224103630800000,下午 01:49:40
I4,42403524103630800000,下午 02:08:49
I4,42131024103630800000,下午 01:56:58
I4,7230570645126,下午 01:56:58
I4,2811770632710,下午 01:49:40
I4,2709670632716,下午 01:25:36
I4,33243424103630800000,下午 02:10:07
I4,33218124103630800000,下午 02:10:07
I4,17973724103630800000,上午 11:57:56
I4,1495570603818,下午 01:18:49
I4,1324070602816,下午 01:26:30
I4,418470602300,下午 02:01:08
I4,95302024102970800000,下午 02:10:07
I4,94926224102710800000,下午 12:55:18
I4,409270600600,下午 01:15:32
I4,94382324102170800000,下午 01:51:13
I4,90786170445170800000,下午 12:57:36
I4,90786070445170800000,下午 03:52:48
I4,90785870445170800000,下午 12:42:20
I4,98547624101510800000,下午 01:28:24
I4,38354610028318,上午 11:57:56
I4,98516024101510800000,下午 01:28:24
I4,38278210028318,下午 12:55:18
I4,47540110028218800000,下午 02:01:15
I4,47540010028218800000,下午 01:15:32
I4,27199010028218,下午 01:43:02
I4,20740410027578,下午 02:06:27
I4,20538510027578,下午 12:52:01
I4,20519210027578,下午 01:49:40
I4,20514710027578,上午 11:57:56
I4,91941424101370800000,下午 01:39:44
I4,96991524101010800000,下午 01:49:40
I4,4968410634116,下午 01:56:58
I4,98293070404720800000,下午 02:06:27
I4,98291770404720800000,下午 01:43:02
I4,95282770404710800000,下午 02:06:27
I4,93916770404370800000,下午 01:43:02
I4,9974210023918830000,下午 01:25:36
I4,9949610023918830000,下午 02:10:07
I4,9946610023918830000,下午 01:25:36
I4,91080970403970800000,下午 01:39:44
I4,93037470403810800000,下午 01:18:49
I4,3952410617218,下午 01:28:24
I4,3588210617218,下午 01:49:40
I4,95778970403670800000,下午 02:06:27
I4,9633910023918830000,下午 01:25:36
I4,90343370403610800000,下午 01:56:58
I4,9620410023918830000,下午 02:06:27
I4,9608610023918830000,下午 12:55:18
I4,9603710023918830000,下午 01:43:02
I4,62993610616718,下午 02:08:49
I4,8672424100130830000,下午 01:25:36
I4,8620524100131830000,下午 01:39:44
I4,8568824100130830000,下午 01:25:36
I4,40920210616718,下午 02:06:27
I4,9021110023918830000,下午 01:56:58
I4,90181970402910800000,下午 12:55:18
I4,8889710023918830000,下午 01:49:40
I4,94731370402720800000,下午 12:03:41
I4,28060710615318,下午 03:52:48
I4,91950270402410800000,下午 02:10:07
I4,20426510615318,下午 12:57:36
I4,8467210023918830000,下午 01:18:49
I4,8466010023918830000,下午 01:28:24
I4,8465610023918830000,下午 01:39:44
I4,8464810023918830000,下午 02:08:49
I4,8457310023918830000,下午 12:55:18
I4,7582910615318,下午 01:18:49
I4,8170410023918830000,下午 01:49:40
I4,8163410023918830000,下午 01:43:02
I4,8162510023918830000,上午 11:57:56
I4,8154010023918830000,下午 12:57:36
I4,8150310023918830000,下午 01:56:58
I4,90154770401610800000,下午 01:18:49
I4,90145770401610800000,下午 01:18:49
I4,61145710614832,下午 01:26:30
I4,90133770401410800000,下午 01:28:24
I4,61066210614818,下午 02:08:49
I4,94152670401210800000,下午 12:55:18
I4,90023970401111800000,下午 01:18:49
I4,97875870400910800000,下午 12:55:18
I4,29074410614816,下午 02:08:49
I4,28835810614828,下午 01:56:58
I4,28834110614828,下午 01:56:58
I4,7018410023918830000,下午 01:28:24
I4,963210614078,下午 01:56:58
I4,3749322333916,下午 01:43:37
I4,411710614016,下午 01:25:36
I4,547122333416,下午 01:25:36
I4,96565270400510800000,下午 02:06:27
I4,96561970400510800000,下午 01:56:58
I4,6672010023918830000,下午 02:10:07
I4,6667010023918830000,下午 02:08:49
I4,6654810023918830000,上午 11:57:56
I4,6652810023918830000,下午 01:49:40
I4,6640210023918830000,下午 02:10:07
I4,6632110023918830000,下午 01:49:40
I4,6623210023918830000,下午 02:06:27
I4,68538810612818,下午 01:43:02
I4,23309422331032,下午 01:49:40
I4,23279122331032,下午 01:18:49
I4,23279022331032,下午 01:18:49
I4,41748110612818,下午 01:18:49
I4,4737522309116,下午 01:56:58
I4,2744322308818,下午 01:43:31
I4,655764600416,下午 01:49:40
I4,3326410612018,下午 02:08:49
I4,3326310612018,下午 02:08:49
I4,51218110611818,下午 02:06:27
I4,11917064600016,下午 01:49:40
I4,5591110023918830000,下午 02:06:27
I4,5590210023918830000,下午 01:25:36
I4,5585410023918830000,下午 02:06:27
I4,5133010023918830000,下午 12:55:18
I4,5131310023918830000,下午 01:49:40
I4,5127710023918830000,下午 02:08:49
I4,5126710023918830000,下午 01:25:36
I4,5123410023918830000,下午 01:25:36
I4,5094110023918830000,下午 01:25:36
I4,5089610023918830000,下午 01:25:36
I4,5084110023918830000,下午 01:25:36
I4,5076410023918830000,上午 11:57:56
I4,5072110023918830000,下午 12:55:18
I4,5071710023918830000,下午 12:55:18
I4,5069910023918830000,下午 01:56:58
I4,5063310023918830000,下午 01:28:24
I4,5060010023918830000,下午 01:28:24
I4,5058410023918830000,下午 01:56:58
I4,28419922307318,下午 12:57:36
I4,15187810611216,下午 01:43:51
I4,13775510611216,下午 02:10:07
H4,4499310023918830000,下午 12:03:56
H4,3070210611278,下午 01:24:21
H4,4069610023918830000,下午 12:04:02
H4,4019510023918830000,下午 12:03:57
H4,29412110609618,下午 01:58:37
H4,91886295002610800000,下午 01:08:01
H4,30615422300018,下午 01:53:43
H4,2071310023918830000,下午 01:16:03
H4,2369990206516,下午 01:58:33
H4,12242760300132,下午 01:07:09
H4,12242660300132,下午 01:07:07
H4,1703710023918830000,下午 01:58:10
H4,1453310023918830000,上午 11:44:31
H4,477290201616,下午 01:24:42
H4,271022206478,下午 02:37:10
H4,271022206478,下午 12:59:25
H4,13934390201532,下午 12:40:45
H4,29631210606718,下午 12:04:04
H4,13836390201532,下午 01:44:48
H4,84822202416,下午 01:48:04
H4,97729210605518,下午 01:51:27
H4,14796290200417,下午 01:35:29
H4,474610023918832000,下午 01:44:16
H4,8214190106317,下午 01:24:59
H4,8211990106317,下午 01:53:20
H4,17352510605318,下午 12:40:41
H4,55006710023130800000,上午 11:44:08
H4,25196722028236800000,下午 01:35:15
H4,94274790006610800000,下午 01:53:38
H4,94274290006610800000,下午 01:53:28
H4,94768290006310800000,下午 12:39:41
H4,98812990003010800000,下午 01:53:19
H4,103710022218,上午 11:44:28
H4,280590001917,下午 01:51:32
H4,83001140029136800000,下午 01:06:56
H4,94537490000010800000,上午 11:44:44
H4,15110754200716,下午 01:53:24
H4,34381710610818,下午 01:10:28
H4,38760710609616,下午 12:41:10
H4,4225060301516,下午 01:54:10
H4,2171090206516,上午 11:45:22
H4,18012910608018,下午 01:36:47
H4,681990200918,下午 01:55:19
H4,97552710605518,下午 01:54:16
H4,97542710605518,下午 01:37:37
H4,3039590200016,下午 01:10:09
H4,3038890200016,下午 12:40:59
H4,40537710023130800000,下午 01:52:43
H4,40458110023130800000,上午 11:45:23
H4,40408510023130800000,下午 02:00:01
H4,40300510023130800000,下午 01:54:17
H4,75610022218,下午 01:07:47
H4,94556060000010800000,下午 01:36:30
H4,77002840029136800000,下午 01:55:17
H4,52402640029136800000,下午 01:17:09
H4,96117290000910800000,下午 01:45:24
H4,94101010603318,下午 01:45:22
H4,2065110023918830000,下午 01:55:48
H4,190010023918832000,下午 01:17:06
H4,532510023918832000,下午 01:46:52
H4,50076210023130800000,下午 01:09:04
H4,4068010023918830000,下午 02:02:45
H4,4505010023918830000,上午 11:45:03
H4,4499410023918830000,下午 12:42:13
H4,8712697200016,下午 01:37:19
H4,4431310023918830000,下午 01:37:18
H4,4016410023918830000,上午 11:45:04
H4,13977190201532,下午 01:18:42
H4,523064002717,下午 01:08:08
H4,51442697000717,下午 02:00:19
H4,11746090201917,下午 01:38:14
H4,11704990201917,下午 01:18:38
H4,11687990201917,下午 01:53:21
H4,13750190201532,下午 01:46:24
H4,13750090201532,下午 01:46:27
H4,3140810605817,下午 01:17:59
H4,3132910605817,下午 02:00:26
H4,3132710605817,下午 01:10:56
H4,3127510605817,上午 11:46:12
H4,14689990200417,下午 01:46:00
H4,14639890200417,下午 02:00:31
H4,24107822028217800000,下午 01:55:32
I4,4509610023918830000,下午 01:43:02
I4,4506510023918830000,下午 01:18:49
I4,4506110023918830000,下午 12:57:36
I4,4500010023918830000,下午 01:25:36
I4,4490910023918830000,下午 01:28:24
I4,5486964401716,下午 12:57:36
I4,2854264401716,下午 03:52:48
I4,1733822307118,下午 02:08:49
I4,1733722307118,下午 02:08:49
I4,1733622307118,下午 02:08:49
I4,4436510023918830000,下午 01:18:49
I4,4434710023918830000,下午 01:18:49
I4,93298564003610800000,下午 01:43:12
I4,20025264003578,上午 10:09:48
I4,20025164003578,上午 10:09:51
I4,92308964003010800000,下午 01:43:02
I4,95807564002910800000,下午 01:28:24
I4,4066510023918830000,下午 02:08:49
I4,98159764002620800000,下午 12:57:36
I4,98238464002510800000,下午 01:43:02
I4,18596910610632,下午 01:56:58
I4,9361322304178,下午 12:55:18
I4,341710610518,上午 11:57:56
I4,2138864001578,上午 11:52:26
I4,13703310610118,下午 02:10:07
I4,3376110023918830000,下午 01:25:36
I4,3289410023918830000,下午 02:08:49
I4,3286610023918830000,下午 01:39:44
I4,3284510023918830000,下午 01:39:44
I4,94971940045110800000,下午 01:25:36
I4,92663664000110800000,下午 01:26:30
I4,2328322302916,下午 01:39:44
I4,52491522302732,下午 12:57:36
I4,52404922302732,下午 01:26:30
I4,20727140037210,下午 01:28:24
I4,2936110023918830000,下午 01:25:36
I4,2876610023918830000,下午 12:03:41
I4,2875410023918830000,下午 01:28:24
I4,2863410023918830000,下午 02:08:49
I4,2856210023918830000,下午 12:57:36
I4,2670210023918830000,下午 02:08:49
I4,2657710023918830000,下午 02:08:49
I4,2653310023918830000,下午 02:08:49
I4,2650410023918830000,下午 01:43:02
I4,2649010023918830000,下午 01:25:36
I4,72818095100017,下午 02:08:49
I4,347322301818,下午 01:25:36
I4,72807895100017,下午 01:49:40
I4,72807695100017,下午 01:49:40
I4,18373595100018,下午 01:18:49
I4,8528110609178,下午 01:25:36
I4,30616422300018,下午 01:26:30
I4,30519022300018,下午 12:03:41
I4,2080310023918830000,下午 01:56:58
I4,2070710023918830000,下午 01:18:49
I4,16856810608418,下午 01:43:02
I4,34167140031910,下午 02:10:07
I4,898422233910,下午 01:56:58
I4,2371990206516,下午 01:26:30
I4,2370990206516,下午 01:25:36
I4,2369890206516,上午 11:57:56
I4,2368290206516,下午 02:06:27
I4,385590206316,下午 01:18:49
I4,18860140031310,下午 12:57:36
I4,25202910608118,下午 01:28:24
I4,12316760300132,下午 12:55:18
I4,25197810608118,下午 01:26:30
I4,12296460300132,下午 02:06:27
I4,689790205017,下午 01:26:30
I4,1721810023918830000,上午 11:57:56
I4,1714810023918830000,上午 11:57:56
I4,1714710023918830000,下午 01:25:36
I4,1713410023918830000,下午 01:25:36
I4,1713310023918830000,下午 02:08:49
I4,11609210608118,下午 01:49:40
I4,1707110023918830000,下午 12:57:36
I4,1703910023918830000,下午 02:06:27
I4,1702710023918830000,下午 01:28:24
I4,1914022208316,下午 01:26:30
I4,157490204318,下午 01:56:58
I4,839190203516,下午 01:49:40
I4,32473540030210,下午 01:25:36
I4,1605810023918830000,下午 01:43:02
I4,1023190203016,下午 01:56:58
I4,1234990202616,下午 01:39:51
I4,2053440029918830000,下午 01:56:58
I4,1628190202416,下午 01:56:58
I4,1464910023918830000,下午 01:28:24
I4,1458210023918830000,下午 01:49:40
I4,1451610023918830000,下午 02:06:27
I4,1449910023918830000,下午 01:25:36
I4,1415010023918830000,下午 02:06:27
I4,11749490201917,下午 12:55:18
I4,1516160205118,下午 12:57:36
I4,34442510606716,下午 02:06:27
I4,13987990201532,下午 02:06:27
I4,39322205228,下午 12:57:36
I4,13901190201532,下午 01:26:30
I4,60868340029536800000,下午 01:43:02
I4,26851010606716,下午 01:25:36
I4,21576710606718,下午 02:08:49
I4,39010622204116,下午 01:56:58
I4,5333160200018,下午 01:26:30
I4,2335790201518,下午 03:52:48
I4,14892760101018,下午 01:26:30
I4,14892660101018,下午 01:43:31
I4,14960590200417,上午 11:57:56
I4,97712110605518,下午 02:06:27
I4,97687610605518,下午 01:28:24
I4,14796090200417,上午 11:57:56
I4,14750490200417,下午 02:08:49
I4,14747590200417,下午 03:52:48
I4,97573910605518,下午 01:39:44
I4,14631990200417,下午 02:08:49
I4,571210023918832000,下午 02:10:07
I4,474110023918832000,下午 01:56:58
I4,472010023918832000,下午 01:43:02
I4,1986190200216,下午 12:55:18
I4,94465960004810800000,下午 01:26:30
I4,56001340029336800000,下午 01:26:30
I4,3039390200016,下午 02:08:49
I4,8208790106317,下午 02:08:49
I4,96939460004410800000,下午 01:25:36
I4,95986460003510800000,下午 12:55:18
I4,293160003478,上午 10:23:05
I4,25329222028236800000,下午 01:25:36
I4,21549490101817,下午 02:06:27
I4,98363760003110800000,下午 01:28:24
I4,843690100600,下午 03:52:48
I4,25134922028236800000,下午 01:25:36
I4,50275510023130800000,下午 02:06:27
I4,95678760002310800000,下午 01:28:24
I4,91676860002110800000,下午 01:49:40
I4,97776990006210800000,下午 01:26:30
I4,97771990006210800000,下午 01:25:36
I4,50103410023130800000,下午 12:55:18
I4,50101110023130800000,下午 01:43:02
I4,93780260001710800000,下午 01:43:02
I4,50091010023130800000,下午 01:39:44
I4,50063810023130800000,下午 01:39:44
I4,50019710023130800000,下午 01:43:02
I4,98833990005110800000,下午 02:06:27
I4,98829290005110800000,下午 02:10:07
I4,50003210023130800000,下午 01:26:30
I4,90281890003810800000,下午 01:25:36
I4,91371290003310800000,下午 12:55:18
I4,98804890003010800000,下午 01:49:40
I4,103810022218,下午 02:10:07
I4,2683410604678,下午 01:49:40
I4,91417190002670800000,下午 01:43:51
I4,97715390002210800000,下午 01:25:36
I4,98865610019110800000,下午 01:56:58
I4,94929690002010800000,下午 01:43:02
I4,90039390001910800000,下午 01:43:02
I4,50750610604318,下午 01:28:24
I4,93783310018410800000,下午 01:43:02
I4,18882910604318,下午 02:06:27
I4,33254301018,下午 01:25:36
I4,82000240029136800000,下午 01:43:02
I4,93395090001710800000,下午 02:06:27
I4,53102240029117800000,下午 02:10:07
I4,2306810603428,下午 01:56:58
I4,90824290000810800000,下午 01:49:40
I4,94249890000720800000,下午 12:55:18
I4,95308090000520800000,下午 02:06:27
I4,91172210016810800000,下午 01:18:49
I4,91726790000210800000,下午 01:43:02
I4,97269510016510800000,下午 01:56:58
I4,20256790000070,下午 01:25:36
I4,2420290000016,下午 02:06:27
I4,5503822028017830000,下午 01:28:24
I4,5503722028017830000,下午 01:49:40
H4,94918810015810800000,下午 01:35:26
H4,98999783005910800000,下午 01:35:14
H4,70918322027917800000,下午 01:58:34
H4,70918122027917800000,下午 12:40:42
H4,15756710601828,下午 12:40:27
H4,15756610601828,下午 12:40:25
H4,21354610601718,下午 01:57:53
H4,4984640006518830000,下午 01:35:08
H4,4961540006518830000,下午 01:35:07
H4,4961440006518830000,下午 01:15:55
H4,70525922027917800000,下午 01:16:09
H4,70525722027917800000,下午 01:24:46
H4,70525622027917800000,下午 01:07:58
H4,70525522027917800000,下午 12:40:29
H4,6441483002400,下午 01:58:43
H4,91937583000810800000,下午 01:53:17
H4,90373683000717800000,下午 01:16:17
H4,92176183000610800000,下午 01:08:33
H4,80571010545118,下午 01:58:01
H4,93393383000010800000,下午 01:16:00
H4,57369280345118,上午 11:44:30
H4,57355480345118,下午 01:16:08
H4,57022580345117,下午 01:58:09
H4,15812510516718,下午 01:08:03
H4,15810810516718,下午 12:04:01
H4,90545140004410800000,下午 01:53:39
H4,16895922027078,下午 02:37:31
H4,16895922027078,下午 12:58:02
H4,16824422027018,下午 01:37:05
H4,35590380345117,下午 01:44:30
H4,35590280345117,下午 01:36:51
H4,35590080345117,上午 11:44:20
H4,35588080345117,下午 01:53:32
H4,35569980345117,下午 01:08:22
H4,21578610515616,下午 01:36:41
H4,35562780345117,下午 01:25:03
H4,35556280345117,下午 12:40:03
H4,35556180345117,下午 01:16:32
H4,35550580345117,下午 01:07:00
H4,35524180345117,下午 01:44:15
H4,35518780345117,下午 01:25:02
H4,35472480345117,下午 01:07:12
H4,35472180345117,下午 01:16:09
H4,25713480345116,下午 12:40:35
H4,3115880336910,下午 01:44:32
H4,15635180330416,下午 01:35:24
H4,589580312418,上午 11:44:38
H4,589480312418,上午 11:44:37
H4,94288822008610800000,下午 01:16:35
H4,4543980311018,下午 01:58:47
H4,71569010009118,下午 01:58:38
H4,16736610508018,下午 01:44:18
H4,10390510507318,下午 12:40:37
H4,62798610009118,下午 12:40:17
H4,6974380309618,下午 01:53:46
H4,12623380309317,下午 01:08:12
H4,12609680309317,上午 11:44:24
H4,12600680309317,下午 01:44:13
H4,12595480309317,下午 01:44:10
H4,12546480309317,下午 01:07:03
H4,12534680309317,下午 01:16:27
H4,12500480309317,下午 01:16:23
H4,12500380309317,下午 01:16:18
H4,12500280309317,下午 01:16:24
H4,12500180309317,下午 01:16:25
H4,12472080309317,下午 01:24:57
H4,12470180309317,下午 01:16:17
H4,12462580309317,下午 01:35:27
H4,12462080309317,下午 01:51:36
H4,12436080309317,下午 01:51:34
H4,12431680309317,下午 01:35:30
H4,12429980309317,上午 11:44:24
H4,40888180307632,下午 01:08:26
H4,40851880307632,下午 01:58:29
H4,40840580307632,下午 12:40:24
H4,40819880307632,上午 11:44:13
H4,40779980307632,下午 01:08:24
H4,40779880307632,下午 01:36:59
H4,40779680307632,下午 01:08:30
H4,40767380307632,下午 01:53:49
H4,40757980307632,下午 01:51:38
H4,40751080307632,下午 12:40:08
H4,40737980307632,下午 12:40:07
H4,40728880307632,下午 01:25:08
H4,40724780307632,下午 01:58:27
H4,40700480307632,下午 12:04:07
H4,40673880307632,下午 01:58:23
H4,40673080307632,下午 01:08:28
H4,40667680307632,下午 01:58:25
H4,40635380307632,下午 01:44:23
H4,40634880307632,下午 01:35:34
H4,1011280307618,下午 01:51:28
H4,31339950101816,下午 01:51:30
H4,73308622006818,下午 01:44:41
H4,73308522006818,下午 01:44:42
H4,73308422006818,下午 01:16:10
H4,73218822006818,下午 01:58:31
H4,2814154001018,下午 01:54:23
H4,94734383002810800000,下午 01:54:20
H4,91272283002410800000,下午 01:45:29
H4,94348210014110800000,下午 12:05:00
H4,93106083000700800000,下午 12:41:19
H4,57289180345118,下午 01:37:42
H4,57284380345118,下午 01:37:41
H4,57131680345118,下午 01:36:27
H4,14793610516718,下午 01:17:17
H4,25475380345116,上午 11:45:25
H4,25469680345116,下午 01:36:37
H4,95117440003410800000,下午 01:17:18
H4,466780312418,下午 01:17:05
H4,71335510009118,下午 01:25:52
H4,2051380310316,下午 01:59:57
H4,6971780309618,下午 01:55:16
H4,91441122007310800000,下午 01:18:57
H4,3954580307418,下午 01:54:15
H4,1701280306916,下午 01:07:37
H4,941110009118832000,下午 01:25:51
H4,940310009118832000,下午 01:54:24
H4,3754180305518,下午 01:25:58
H4,3743380305518,下午 12:04:45
H4,35546280345117,下午 01:54:05
H4,35470680345117,下午 01:09:17
H4,28953880316332,下午 01:27:18
H4,40760280307632,下午 01:55:51
H4,568880306717,上午 08:47:24
H4,10414322007318,下午 01:27:08
H4,1354910602033,下午 12:41:54
H4,90014283002617800000,下午 01:11:05
H4,513210600527,下午 01:08:14
H4,57017480345117,下午 01:53:23
H4,35984780345117,下午 01:53:16
H4,35947780345117,下午 12:41:42
H4,35936180345117,下午 01:26:27
H4,35936080345117,下午 12:41:38
H4,35930980345117,下午 01:08:12
H4,35930580345117,下午 01:18:01
H4,35930480345117,下午 01:08:03
H4,35929880345117,下午 01:26:25
H4,35403680345117,下午 01:38:13
H4,35403280345117,上午 11:46:01
H4,14906922027078,下午 01:59:25
H4,28756380316332,下午 01:26:49
H4,28756080316332,下午 01:26:48
H4,28749080316332,下午 01:11:32
H4,3650680311332,下午 01:37:08
H4,3633580311332,下午 01:26:44
H4,820350102717,下午 01:11:31
H4,40569080307632,上午 11:47:15
H4,40557880307632,上午 11:47:11
H4,40546980307632,下午 01:18:26
H4,40546780307632,下午 01:18:28
H4,40546580307632,下午 02:00:56
H4,40496180307632,上午 11:46:26
H4,40494580307632,下午 01:55:41
H4,40489480307632,下午 01:53:33
H4,40489280307632,下午 01:46:32
H4,40430480307632,下午 12:41:58
H4,40360780307632,下午 12:41:59
H4,40357280307632,下午 02:00:50
H4,40336480307632,下午 01:46:29
H4,40290880307632,下午 01:11:34
H4,40208280307632,下午 01:08:36
H4,40208180307632,下午 01:08:23
H4,40195280307632,下午 01:41:14
I4,1961888000616,下午 01:25:36
I4,93674388000510800000,下午 01:18:49
I4,96495888000020800000,下午 02:06:27
I4,90705854002820800000,下午 12:57:36
I4,9093983006516,下午 01:25:36
I4,93453083006310800000,下午 01:56:58
I4,92992683006210800000,下午 02:06:27
I4,1371810602033,下午 02:06:27
I4,90022683005811800000,下午 01:56:58
I4,70918222027917800000,下午 01:39:44
I4,15758510601828,下午 01:56:58
I4,97339183005510800000,下午 01:18:49
I4,90018583005410800000,下午 01:49:40
I4,14783810601828,下午 02:08:49
I4,98549483005210800000,下午 01:43:51
I4,92334483005010800000,下午 12:57:36
I4,92334283005010800000,上午 11:57:56
I4,96677483004910800000,下午 01:56:58
I4,91399983004810800000,下午 01:25:36
I4,91395583004810800000,下午 01:43:02
I4,95890783004610800000,下午 01:56:58
I4,92220283004620800000,下午 01:18:49
I4,7998210601716,下午 01:56:58
I4,92940783004510800000,下午 12:55:18
I4,70526022027917800000,下午 01:43:02
I4,70525822027917800000,下午 01:49:40
I4,4834140006518830000,下午 12:55:18
I4,98126983003110800000,下午 01:18:49
I4,93197283003170800000,下午 01:49:40
I4,92689283002910800000,下午 02:06:27
I4,91722883002700800000,下午 02:01:15
I4,91722483002700800000,下午 01:15:32
I4,92428483002610800000,下午 01:43:12
I4,91581283002600800000,下午 01:15:32
I4,95207783002510800000,下午 02:06:27
I4,95205883002510800000,下午 01:26:30
I4,91016883002420800000,下午 01:49:40
I4,91016783002420800000,下午 01:49:40
I4,90184983002400800000,下午 01:43:51
I4,6442683002400,下午 01:26:30
I4,6441783002400,下午 01:25:36
I4,6441583002400,下午 12:57:36
I4,6441283002400,下午 01:43:02
I4,6441183002400,下午 12:57:36
I4,90807383002310800000,下午 01:56:58
I4,90799283002310800000,下午 01:56:58
I4,203450205516,下午 01:28:24
I4,90254383002370800000,下午 01:39:44
I4,92492010014510800000,下午 01:49:40
I4,96077883002210800000,下午 12:57:36
I4,96066983002210800000,下午 12:57:36
I4,94681640006310800000,下午 01:56:58
I4,92933683002110800000,下午 01:26:30
I4,90036483001810800000,下午 01:43:31
I4,96453183001620800000,下午 01:18:49
I4,24442640006318,下午 02:06:27
I4,96835183001310800000,下午 01:43:02
I4,95245740006170800000,上午 10:25:02
I4,98300410013510800000,下午 02:06:27
I4,94943183001110800000,上午 09:57:10
I4,15702010600516,下午 01:56:58
I4,94929883001110800000,下午 01:28:24
I4,94917083001110800000,下午 12:55:18
I4,97970210013410800000,下午 12:57:36
I4,90646083000910800000,下午 02:06:27
I4,90645583000910800000,下午 12:55:18
I4,90645083000910800000,下午 01:49:40
I4,90626983000910800000,下午 02:06:27
I4,90621283000910800000,下午 12:55:18
I4,91944583000810800000,下午 01:43:37
I4,92095283000710800000,下午 01:56:58
I4,92075483000710800000,下午 01:26:30
I4,92068983000710800000,下午 12:57:36
I4,90039083000728,下午 12:55:18
I4,93411440005410800000,下午 02:10:07
I4,38065510012828,下午 01:26:30
I4,94750883000510800000,下午 01:56:58
I4,94058583000210800000,下午 01:43:51
I4,94053283000210800000,下午 02:10:07
I4,19571810545128,下午 01:43:37
I4,93420583000010800000,下午 01:56:58
I4,93418883000010800000,下午 01:56:58
I4,93395483000010800000,下午 01:39:44
I4,93369683000010800000,下午 12:57:36
I4,68127940005018800000,下午 01:25:36
I4,94752640004710800000,下午 02:06:27
I4,95766710012110800000,下午 01:18:49
I4,95743710012110800000,下午 12:03:41
I4,258080353000,下午 02:01:08
I4,253280353000,下午 01:15:32
I4,252380353000,下午 02:01:15
I4,252280353000,下午 01:15:32
I4,248880353000,下午 01:15:32
I4,248380353000,下午 02:01:15
I4,245280353000,下午 02:01:08
I4,244980353000,下午 01:15:32
I4,243980353000,下午 01:15:32
I4,127280351200,下午 02:01:15
I4,97656510011810800000,下午 01:43:31
I4,878510517516,下午 02:08:49
I4,842610517028,下午 02:08:49
I4,57390580345118,下午 01:49:40
I4,57389380345118,下午 01:43:31
I4,57369880345118,下午 01:39:44
I4,57360180345118,下午 12:55:18
I4,57354580345118,下午 01:56:58
I4,57293980345118,下午 02:06:27
I4,57286680345118,下午 01:28:24
I4,31997410516718,下午 01:49:40
I4,96439010011220800000,下午 01:43:31
I4,54306180345118,下午 01:39:44
I4,90014810011270800000,下午 01:56:58
I4,44825980345116,下午 01:28:24
I4,44823780345116,下午 01:18:49
I4,44820480345116,上午 11:57:56
I4,44820280345116,下午 12:03:41
I4,92018740004310800000,下午 01:18:49
I4,16900122027078,下午 02:06:27
I4,9645610011216,下午 01:56:58
I4,44008980345116,下午 01:43:02
I4,16880122027078,下午 01:47:38
I4,16880022027078,下午 02:08:06
I4,35935880345117,上午 11:57:56
I4,35925280345117,下午 02:06:27
I4,10362450202316,下午 01:25:36
I4,98190240004210800000,下午 12:55:18
I4,35651380345117,下午 12:55:18
I4,35607480345117,下午 01:18:49
I4,35591180345117,上午 11:57:56
I4,35590980345117,下午 01:39:44
I4,35590880345117,上午 11:57:56
I4,35590780345117,下午 02:10:07
I4,35590680345117,下午 01:25:36
I4,35590180345117,下午 02:10:07
I4,35589980345117,下午 01:18:49
I4,35589880345117,下午 02:06:27
I4,35589780345117,下午 01:28:24
I4,35589680345117,下午 12:57:36
I4,35581980345117,下午 02:06:27
I4,35574680345117,下午 12:03:41
I4,35568280345117,下午 01:25:36
I4,35558380345117,下午 01:15:32
I4,35557780345117,下午 12:57:36
I4,35555880345117,下午 01:15:32
I4,35555780345117,下午 01:39:44
I4,35555380345117,下午 01:39:44
I4,35555280345117,下午 01:39:44
I4,35552980345117,下午 02:06:27
I4,35540280345117,下午 01:39:44
I4,35531880345117,下午 02:01:08
I4,96428540004010800000,下午 01:43:02
I4,96428340004010800000,下午 01:56:58
I4,35484980345117,下午 03:52:48
I4,96414240004010800000,下午 12:55:18
I4,35471680345117,下午 12:55:18
I4,2434110515316,下午 01:49:40
I4,16599222027018,下午 01:25:36
I4,16575322027018,下午 02:08:49
I4,25511280345116,下午 01:25:36
I4,13048080345118,上午 11:57:56
I4,13047980345118,下午 01:25:36
I4,16401122027018,下午 12:57:36
I4,16397022027018,下午 01:28:24
I4,465580336910,下午 12:57:36
I4,6778510514878,下午 01:28:24
I4,6370680336616,下午 01:49:40
I4,60280335316,下午 01:43:31
I4,60180335316,下午 01:56:58
I4,388280335010,下午 01:43:12
I4,388180335010,下午 01:49:40
I4,387880335010,下午 01:56:58
I4,16310322027018,下午 02:10:07
I4,86080332810,下午 01:39:51
I4,12017280332316,下午 01:56:58
I4,91946940003610800000,下午 02:06:27
I4,12008080332316,下午 01:56:58
I4,16256222027018,下午 01:25:36
I4,730380331910,下午 12:57:36
I4,16157080330416,下午 02:06:27
I4,16154580330416,下午 02:06:27
I4,16179822027018,下午 12:57:36
I4,16147080330416,下午 01:26:30
I4,15282580330416,下午 02:06:27
I4,15155880330416,下午 02:06:27
I4,2986580330426,下午 01:18:49
I4,2985280330426,下午 01:49:40
I4,93482910010110800000,上午 11:57:56
I4,1732180330010,下午 02:06:27
I4,74827810512818,下午 01:43:51
I4,74827710512818,下午 01:28:24
I4,16054222027018,下午 01:49:40
I4,90721610010010800000,下午 02:08:49
I4,56976410511218,下午 02:08:49
I4,92766140003010800000,下午 01:28:24
I4,1116310510916,下午 01:56:58
I4,55518910009316,下午 02:08:49
I4,98658222009010800000,下午 01:56:58
I4,67872010509618,下午 02:08:49
I4,14287280314516,下午 02:06:27
I4,1093180314218,下午 01:49:40
I4,91575010009100800000,下午 01:25:36
I4,3967210508318,下午 01:25:36
I4,813980312316,下午 02:08:49
I4,78480311900,下午 01:15:32
I4,78080311900,下午 12:55:18
I4,27280311800,下午 02:08:49
I4,23580311800,下午 03:52:48
I4,96716340002520800000,下午 02:06:27
I4,3668880311332,下午 01:43:02
I4,3628980311332,下午 12:55:18
I4,96335022008570800000,下午 01:25:36
I4,5006580311016,下午 01:43:02
I4,5004980311016,下午 01:56:58
I4,19453150103816,下午 01:43:02
I4,1808080310318,下午 01:56:58
I4,1807980310318,下午 01:43:02
I4,393480310118,下午 01:39:51
I4,4703810507316,下午 02:06:27
I4,3082680309818,下午 01:26:30
I4,62798710009118,下午 01:56:58
I4,1778980309816,下午 12:03:41
I4,1772680309816,下午 01:56:58
I4,6702780309618,下午 02:06:27
I4,62684010009118,下午 01:28:24
I4,6543180309618,下午 12:55:18
I4,96379022008170800000,下午 01:39:44
I4,6363980309618,下午 02:08:49
I4,50486310506718,下午 02:10:07
I4,6642180309518,下午 01:18:49
I4,42689510506718,下午 12:55:18
I4,12609080309317,下午 01:18:49
I4,12608780309317,下午 01:25:36
I4,12606780309317,下午 02:10:07
I4,12603680309317,下午 01:56:58
I4,12568680309317,下午 01:25:36
I4,12566880309317,下午 02:06:27
I4,12551080309317,下午 02:08:49
I4,12548380309317,下午 01:18:49
I4,12541280309317,下午 12:55:18
I4,92501640001770800000,下午 02:06:27
I4,12534180309317,下午 01:39:44
I4,12516680309317,下午 01:18:49
I4,12516580309317,下午 01:18:49
I4,12516480309317,下午 01:18:49
I4,12477480309317,下午 01:43:02
I4,12463480309317,下午 01:28:24
I4,12460780309317,下午 12:55:18
I4,12443380309317,下午 01:49:40
I4,12440980309317,下午 01:26:30
I4,52355710009118,下午 01:18:49
I4,868680309218,下午 01:18:49
I4,4739380309016,下午 01:26:30
I4,4541280309016,上午 11:57:56
I4,820450102717,下午 02:10:07
I4,2424080308516,下午 01:43:02
I4,2377222007718,下午 02:10:07
I4,1031210506518,下午 01:43:02
I4,232780307916,下午 01:18:49
I4,32680307916,下午 01:56:58
I4,90755140001110800000,下午 12:57:36
I4,2552810506128,下午 02:08:49
I4,8512022007516,下午 01:25:36
I4,98190540000820800000,下午 01:56:58
I4,96588622007410800000,下午 01:43:37
I4,40999850102336,下午 01:28:24
I4,40885180307632,下午 01:18:49
I4,40828780307632,上午 11:57:56
I4,40807780307632,下午 01:26:30
I4,40803480307632,下午 01:56:58
I4,4110505518832010,下午 01:26:30
I4,40779580307632,下午 12:57:36
I4,40771280307632,下午 02:08:49
I4,40771180307632,下午 12:55:18
I4,40757380307632,上午 09:57:10
I4,40756880307632,上午 09:57:10
I4,40746480307632,下午 03:52:48
I4,40745680307632,下午 01:43:02
I4,40741880307632,下午 01:26:30
I4,40738280307632,下午 01:49:40
I4,40730580307632,下午 03:52:48
I4,40706380307632,下午 01:56:58
I4,40685980307632,上午 09:57:10
I4,40673780307632,下午 02:10:07
I4,40672980307632,下午 01:49:40
I4,40653680307632,上午 09:57:10
I4,40628980307632,下午 01:56:58
I4,40614080307632,下午 01:56:58
I4,40613980307632,下午 01:56:58
I4,40607080307632,下午 01:39:44
I4,94603340000110800000,下午 01:25:36
I4,40507680307632,下午 01:26:30
I4,21494510505128,下午 01:56:58
I4,10040010009118800000,下午 01:26:30
I4,10039910009118800000,下午 12:55:18
I4,4013710009118,下午 01:26:30
I4,1013280307618,下午 01:26:30
I4,1725310009118830000,下午 01:43:02
I4,4512880306916,下午 02:08:49
I4,27531210504616,下午 01:56:58
I4,499780306717,上午 11:57:56
I4,5842480306418,下午 01:18:49
I4,2451680306417,下午 12:57:36
I4,95147322006810800000,下午 01:25:36
I4,5214880306218,下午 03:52:48
I4,3323780306218,下午 01:28:24
I4,5817050100916,下午 01:43:02
I4,3321280306218,下午 02:08:49
I4,2203180306216,下午 01:56:58
I4,941010009118832000,下午 12:55:18
I4,940610009118832000,下午 01:56:58
I4,438680306016,下午 02:06:27
I4,377480305918,下午 12:57:36
I4,376980305918,下午 01:25:36
I4,1242480305616,下午 01:39:44
I4,47163850100318,下午 02:06:27
I4,15103380305516,下午 01:43:12
I4,8555380305518,下午 01:18:49
I4,95733722006720800000,下午 12:57:36
I4,1238880305518,下午 01:26:30
H4,1066680304818,下午 01:53:29
H4,6504380301918,下午 01:58:14
H4,6502780301918,下午 12:40:16
H4,90338480245117800000,下午 01:16:10
H4,90338080245117800000,下午 01:24:50
H4,90334180245117800000,下午 01:44:36
H4,90332980245117800000,下午 01:58:05
H4,90284280245117800000,下午 01:08:06
H4,90222180245117800000,下午 01:24:52
H4,90112580245117800000,上午 11:44:25
H4,90102780245117800000,下午 01:24:47
H4,9368110500517,下午 01:36:50
H4,9640880230416,下午 01:53:24
H4,9480213217,上午 11:44:19
H4,83114710445118,下午 12:03:58
H4,2645580212416,下午 01:16:12
H4,6169580211816,下午 01:24:38
H4,38469510006817800000,下午 01:06:55
H4,5903280209617,下午 01:44:20
H4,17378280209132,下午 01:53:50
H4,17374180209132,下午 01:35:33
H4,17367780209132,下午 01:16:16
H4,17358080209132,上午 11:44:14
H4,17357980209132,上午 11:44:16
H4,17357880209132,上午 11:44:17
H4,17357180209132,下午 01:08:17
H4,17357080209132,下午 01:08:19
H4,8589780207816,下午 01:53:43
H4,8204780207332,下午 01:58:18
H4,95845542045010800000,上午 11:44:44
H4,642480205416,下午 12:40:47
H4,6934980204916,下午 01:57:59
H4,85442110005518,上午 11:44:34
H4,85437910005518,下午 01:24:33
H4,85319310005518,下午 01:51:03
H4,85297110005518,下午 12:40:40
H4,1953980202917,下午 01:08:13
H4,3397980201916,下午 01:53:30
H4,56343722002030800000,下午 01:07:56
H4,5237280138816,下午 01:08:09
H4,12720280115916,下午 01:16:01
H4,1827010005518,下午 01:53:36
H4,9784680113917,下午 01:24:54
H4,3889780112016,下午 01:16:21
H4,6154380111817,下午 01:36:48
H4,11123380111718,下午 01:24:35
H4,8398280111717,下午 12:40:32
H4,8397780111717,下午 01:07:02
H4,8394880111717,下午 01:16:13
H4,8394680111717,下午 01:44:46
H4,7936580111717,下午 01:16:30
H4,1350922002030830000,下午 12:03:55
H4,97735642002610800000,下午 01:06:59
H4,90462422001711800000,下午 01:15:58
H4,90462322001711800000,下午 01:15:57
H4,4313580109917,下午 12:40:05
H4,20148210202032,下午 01:16:15
H4,93954542000520800000,下午 01:53:27
H4,6184780102917,上午 11:44:23
H4,9469680101917,下午 01:36:56
H4,9242480101016,下午 01:44:27
H4,39909122001418800000,下午 01:15:52
H4,1229280305518,下午 01:37:38
H4,3257810008430830000,下午 01:37:34
H4,8588980207816,下午 01:07:44
H4,4921280206918,下午 12:41:17
H4,96829422002310800000,下午 01:19:18
H4,7425110345128,下午 01:18:08
H4,2760780203418,下午 01:19:14
H4,38634380145118,下午 01:52:45
H4,35544522002030800000,下午 01:37:30
H4,11108380111718,下午 01:18:04
H4,11080080111718,下午 01:17:03
H4,94372722001410800000,下午 01:37:52
H4,94876242001310800000,下午 01:36:35
H4,1715680109617,下午 01:45:15
H4,10524580101016,下午 12:41:11
H4,10449280101018,下午 01:45:32
H4,90110580245117800000,下午 01:54:02
H4,89687980245117800000,上午 08:47:10
H4,83032410445118,下午 01:55:50
H4,83204210445118,下午 01:47:12
H4,90285680245117800000,下午 01:46:42
H4,9794880113917,上午 11:45:06
H4,90077480245117800000,下午 01:18:23
H4,90013980245117800000,下午 01:26:16
H4,90013580245117800000,下午 01:55:31
H4,89983380245117800000,下午 01:38:09
H4,89942680245117800000,下午 01:55:30
H4,89930380245117800000,下午 01:08:05
H4,89927580245117800000,下午 01:53:12
H4,89922980245117800000,下午 01:10:59
H4,54282422004178,下午 01:25:31
H4,6154280211816,下午 01:38:56
H4,4573380209617,下午 01:10:58
H4,4572980209617,下午 01:26:22
H4,17321580209132,上午 11:47:17
H4,17309180209132,下午 01:41:15
H4,698380207617,下午 01:08:00
H4,1259080203517,下午 01:11:11
H4,1245880203517,下午 02:00:28
H4,1942380202917,下午 01:45:58
H4,720580202917,下午 12:41:43
H4,718980202917,下午 01:08:15
H4,1646280111817,下午 01:26:19
H4,8818280111717,上午 11:45:59
H4,8805480111717,下午 01:17:57
H4,8805280111717,下午 01:38:12
H4,8802080111717,下午 01:10:51
H4,8800680111717,下午 02:00:24
H4,1719580109617,下午 01:08:06
H4,1716680109617,下午 12:41:35
H4,1711080109617,下午 01:10:52
H4,1710080109617,下午 01:18:25
H4,1707680109617,下午 12:41:39
H4,1706580109617,下午 02:00:21
H4,6496380102917,下午 01:08:10
I4,21752610503618,下午 01:28:24
I4,15998710503628,下午 01:43:02
I4,12030480305216,下午 01:43:12
I4,91322622006610800000,下午 01:28:24
I4,1664980305217,下午 01:26:30
I4,149880305216,下午 01:25:36
I4,1645380305016,下午 01:25:36
I4,1643580305016,下午 01:25:36
I4,1612780305016,下午 01:56:58
I4,1586080305016,下午 01:43:51
I4,1585980305016,下午 01:43:51
I4,36642450100216,下午 01:26:30
I4,2680580304816,下午 01:49:40
I4,2171080304816,下午 02:06:27
I4,1009880304718,下午 01:43:02
I4,1009780304718,下午 01:28:24
I4,91589422006520800000,下午 02:10:07
I4,699080304516,下午 01:43:51
I4,694080304516,下午 01:56:58
I4,2330980304316,下午 01:43:02
I4,2330280304316,下午 01:43:02
I4,182580304216,下午 01:43:12
I4,13646480304116,下午 01:18:49
I4,837480303918,下午 02:06:27
I4,9983910503330,下午 12:55:18
I4,13298780303618,下午 01:49:40
I4,27910009118832000,下午 12:55:18
I4,45131622006418,上午 11:57:56
I4,8663880303618,下午 01:56:58
I4,4286980303618,下午 01:18:49
I4,4285280303618,下午 01:28:24
I4,4282680303618,下午 01:39:44
I4,1464680303618,下午 01:56:58
I4,644750032210,上午 09:57:10
I4,4801080303418,下午 02:06:27
I4,1604950030310,下午 02:06:27
I4,51549310502618,下午 01:28:24
I4,1303280303416,下午 02:06:27
I4,6379380303216,下午 02:08:49
I4,2088180302716,下午 01:49:40
I4,40651236400017,下午 02:08:49
I4,10528080302116,下午 01:56:58
I4,10526780302116,下午 01:56:58
I4,10268380302116,下午 01:43:12
I4,6627680301716,下午 02:10:07
I4,2342580301616,下午 12:03:41
I4,91264322005310800000,下午 12:57:36
I4,7868210501418,下午 02:10:07
I4,96046536002710800000,下午 02:06:27
I4,13070910008278,下午 12:03:41
I4,4899280300216,下午 01:43:31
I4,91704336002310800000,下午 02:06:27
I4,4292480300216,下午 01:56:58
I4,92952280245118,下午 01:25:36
I4,97234336002010800000,下午 02:08:49
I4,90458480245117800000,下午 01:18:49
I4,90580110008010800000,下午 12:55:18
I4,90443880245117800000,下午 02:10:07
I4,90436480245117800000,上午 11:57:56
I4,90425980245117800000,下午 01:39:44
I4,90414780245117800000,下午 01:25:36
I4,90408080245117800000,下午 12:55:18
I4,90340780245117800000,下午 01:49:40
I4,90339280245117800000,下午 12:57:36
I4,90333380245117800000,下午 01:39:44
I4,90321280245117800000,下午 01:28:24
I4,90283680245117800000,下午 01:56:58
I4,90283480245117800000,下午 01:39:44
I4,90281780245117800000,下午 12:57:36
I4,90280580245117800000,下午 02:08:49
I4,90280080245117800000,下午 02:06:27
I4,93385736001410800000,下午 01:43:12
I4,90237980245117800000,下午 01:18:49
I4,90197280245117800000,下午 01:43:02
I4,90102180245117800000,下午 12:55:18
I4,85074922004128800000,下午 02:08:49
I4,85074822004128800000,下午 12:57:36
I4,85074722004128800000,下午 01:28:24
I4,85074622004128800000,下午 12:57:36
I4,85074522004128800000,下午 12:55:18
I4,90050780245117800000,下午 01:43:02
I4,90024980245117800000,上午 11:57:56
I4,95832650003710800000,下午 01:43:12
I4,90009480245117800000,下午 12:57:36
I4,89998880245117800000,下午 01:56:58
I4,89943880245117800000,下午 12:55:18
I4,89923280245117800000,下午 02:10:07
I4,89919780245117800000,下午 01:25:36
I4,4426610500528,下午 01:39:51
I4,91314850003310800000,下午 02:06:27
I4,7283710500218,下午 01:28:24
I4,90854310007310800000,下午 02:10:07
I4,54204922004178,下午 01:49:40
I4,54137822004178,下午 12:57:36
I4,54135322004178,下午 01:39:44
I4,95723136000310800000,上午 11:57:56
I4,94881736000010800000,下午 02:06:27
I4,48896022004118,下午 12:55:18
I4,46014480245118,下午 02:06:27
I4,84718110445118,下午 12:57:36
I4,18739280245178,下午 12:03:41
I4,84660910445118,下午 01:28:24
I4,84654410445118,上午 11:57:56
I4,1705180245128,下午 01:25:36
I4,84631110445118,下午 01:39:44
I4,4781880236910,下午 01:49:40
I4,16321933645016,下午 02:06:27
I4,7279080236610,下午 01:18:49
I4,7260980236610,下午 01:56:58
I4,1665980236610,下午 01:28:24
I4,905922004118,下午 12:57:36
I4,9716780230416,下午 01:39:44
I4,7434980230416,上午 11:57:56
I4,870622004118,下午 01:49:40
I4,7115380230416,下午 02:10:07
I4,1437080230426,下午 01:49:40
I4,96317550002370800000,上午 10:29:48
I4,83427110445118,下午 01:39:44
I4,3149833608318,下午 01:26:30
I4,24327480213916,下午 01:43:37
I4,24297080213916,下午 01:28:24
I4,83279410445118,下午 01:39:44
I4,83262010445118,下午 02:08:49
I4,96242822003720800000,下午 01:26:30
I4,83170410445118,下午 01:43:02
I4,83165710445118,上午 09:57:10
I4,83156110445118,下午 01:25:36
I4,83149810445118,下午 02:08:49
I4,853680212216,下午 01:56:58
I4,853580212216,下午 01:56:58
I4,160750001718,下午 02:08:49
I4,1725280212118,下午 12:03:41
I4,9419880211816,下午 02:06:27
I4,6169480211816,下午 01:25:36
I4,6169380211816,下午 01:26:30
I4,6169280211816,下午 01:43:02
I4,6168480211816,下午 01:56:58
I4,6168180211816,下午 01:56:58
I4,6167380211816,下午 01:49:40
I4,6163580211816,上午 11:57:56
I4,6158480211816,下午 12:57:36
I4,92955722003470800000,下午 02:10:07
I4,32256080211616,下午 01:43:12
I4,17707180211616,下午 01:26:30
I4,93068522003210800000,下午 03:52:48
I4,9558080211610,下午 01:56:58
I4,7574880211616,下午 02:10:07
I4,7617380211516,上午 11:57:56
I4,1616980211016,下午 01:56:58
I4,71280210426,下午 12:55:18
I4,92869350000470800000,下午 12:57:36
I4,37470480209618,下午 01:43:51
I4,37470180209618,下午 01:56:58
I4,11134380209618,下午 01:56:58
I4,11133080209618,下午 01:43:31
I4,4189980209617,下午 01:43:51
I4,4189880209617,下午 01:43:51
I4,6023733603418,下午 01:26:30
I4,98942510006710800000,下午 01:56:58
I4,7762880209216,下午 01:56:58
I4,7762780209216,下午 01:43:31
I4,7762680209216,下午 01:56:58
I4,17378280209132,下午 02:15:24
I4,17370880209132,下午 01:26:30
I4,17366780209132,下午 02:06:27
I4,17365880209132,下午 01:39:44
I4,17365780209132,下午 01:39:44
I4,70890510445118,下午 02:06:27
I4,17139333603017,下午 02:10:07
I4,3368333603028,下午 01:28:24
I4,21909380207816,下午 02:08:49
I4,6088180207816,下午 02:10:07
I4,18308110445116,下午 01:26:30
I4,1646680207018,下午 02:08:49
I4,96586150000010800000,下午 01:25:36
I4,6101180206216,下午 01:28:24
I4,97347510005710800000,下午 01:49:40
I4,1471780206118,下午 02:08:49
I4,1470580206118,下午 01:18:49
I4,873480206116,下午 02:08:49
I4,95845542045010800000,下午 02:06:43
I4,1355480205616,下午 01:39:44
I4,11025580205516,下午 12:57:36
I4,90603542045070800000,下午 01:28:24
I4,45204110345130800000,下午 01:28:24
I4,1997880204718,下午 01:56:58
I4,45157810345130800000,下午 02:08:49
I4,45154110345130800000,下午 01:39:44
I4,11053380204118,下午 01:56:58
I4,93938310005510800000,下午 01:43:31
I4,6684580204116,下午 02:08:49
I4,3004480203818,下午 01:18:49
I4,18401480203616,下午 02:06:27
I4,2412242033310,下午 01:43:02
I4,3379280203518,下午 01:28:24
I4,4779980203416,下午 02:06:27
I4,290180203400,下午 03:52:48
I4,85380210005518,下午 01:25:36
I4,2277280203318,下午 01:25:36
I4,2276780203318,下午 01:25:36
I4,2270580203318,下午 01:56:58
I4,1457480203316,下午 01:28:24
I4,7186880202916,下午 01:25:36
I4,7185480202916,下午 02:06:27
I4,2848680202916,下午 01:43:02
I4,1946780202917,下午 01:26:30
I4,33058310314828,下午 02:08:49
I4,721580202917,下午 01:43:02
I4,1276580202726,下午 01:18:49
I4,95962442005510800000,下午 02:06:27
I4,3453080201916,上午 09:57:10
I4,3249980201916,下午 12:55:18
I4,91374242005210800000,下午 01:28:24
I4,7166980201816,下午 01:56:58
I4,2239980201818,上午 11:57:56
I4,15692280201718,下午 01:18:49
I4,28748933545018,下午 01:26:30
I4,56346722002030800000,上午 09:57:10
I4,56328122002030800000,下午 02:06:27
I4,2265880200218,下午 01:39:44
I4,2137380200218,下午 01:28:24
I4,1006580200116,下午 02:10:07
I4,950380200116,下午 01:43:02
I4,93349242004310800000,下午 01:56:58
I4,11505780138810,下午 01:28:24
I4,11502580138810,下午 12:57:36
I4,5237580138816,下午 02:08:49
I4,2805680134610,下午 02:06:27
I4,976580134610,下午 01:43:02
I4,19499010308116,下午 01:56:58
I4,10863980131010,下午 01:56:58
I4,47045822002030800000,下午 01:56:58
I4,37323122002030800000,下午 12:55:18
I4,7968880115616,下午 02:06:27
I4,37207322002030800000,下午 01:18:49
I4,9161680115516,下午 01:18:49
I4,9062280115516,下午 01:56:58
I4,35624222002030800000,下午 01:18:49
I4,1826910005518,下午 01:49:40
I4,1826810005518,下午 01:39:44
I4,9633680114616,下午 12:55:18
I4,91157242003410800000,下午 12:55:18
I4,366680112218,下午 12:57:36
I4,5323180112016,下午 01:56:58
I4,3978680112016,下午 02:06:27
I4,3889680112016,下午 02:08:49
I4,6832180111916,下午 01:43:51
I4,6832080111916,下午 01:56:58
I4,11480110304928,下午 01:18:49
I4,11478110304928,下午 01:18:49
I4,11219280111718,下午 01:49:40
I4,11108680111718,下午 01:26:30
I4,9880180111717,下午 12:55:18
I4,8817480111718,下午 01:39:44
I4,8810480111718,上午 11:57:56
I4,8810380111718,下午 12:57:36
I4,8803080111717,下午 01:26:30
I4,1675033506218,下午 01:49:40
I4,1155010005518,下午 01:18:49
I4,1667933506218,下午 12:55:18
I4,8399180111717,下午 01:43:02
I4,8398980111717,下午 01:26:30
I4,8398180111717,下午 01:18:49
I4,8398080111717,下午 01:18:49
I4,8397680111717,下午 02:10:07
I4,8397380111717,下午 12:55:18
I4,8385880111717,下午 02:08:49
I4,5507810302318,下午 02:08:49
I4,905142002516,下午 12:55:18
I4,7025122001918,下午 01:56:58
I4,97138210005210800000,下午 01:28:24
I4,1343080111716,下午 01:56:58
I4,1342880111716,下午 01:43:31
I4,1338380111716,下午 01:49:40
I4,1318980111716,下午 01:43:02
I4,1712980111616,下午 01:28:24
I4,4542380111418,下午 01:39:44
I4,4542280111418,下午 12:57:36
I4,4542180111418,下午 01:39:44
I4,4542080111418,下午 01:39:44
I4,1695480111318,上午 11:57:56
I4,2638080111016,下午 02:06:27
I4,4773580110816,下午 02:06:27
I4,4772780110816,下午 02:06:27
I4,1670680110818,下午 02:10:07
I4,1670580110818,下午 01:26:30
I4,3675980110616,下午 01:43:02
I4,1955680110516,上午 11:57:56
I4,1955280110516,下午 01:43:02
I4,12163380110316,下午 01:56:58
I4,164480110278,下午 01:25:36
I4,2794180110118,上午 09:57:10
I4,4346680109917,下午 01:39:44
I4,44932480109618,下午 12:57:36
I4,44932280109618,下午 01:25:36
I4,752680109616,下午 01:15:32
I4,708480109616,下午 02:06:27
I4,271580109616,下午 01:49:40
I4,269980109616,下午 01:49:40
I4,269280109616,下午 01:25:36
I4,269180109616,下午 01:28:24
I4,1261080109418,下午 12:55:18
I4,2919133502518,下午 02:08:49
I4,93954342000520800000,下午 12:55:18
I4,1522880107678,下午 01:49:40
I4,225180107600,下午 01:15:32
I4,95608342000320800000,下午 01:43:02
I4,8103980106216,下午 01:43:02
I4,8103880106216,下午 01:43:02
I4,2975480105816,下午 01:49:40
I4,3954080105516,下午 01:56:58
I4,800542000178,下午 02:10:07
I4,167480104500,下午 01:15:32
I4,25490280103416,下午 02:06:27
I4,362933501328,下午 01:43:51
I4,3083980102918,下午 01:43:02
I4,823780102016,下午 01:49:40
I4,9472680101917,下午 12:57:36
I4,10533080101016,下午 01:43:02
I4,9244980101016,下午 01:39:44
I4,9242380101016,下午 01:25:36
I4,39795522001418800000,下午 12:55:18
I4,39778522001418800000,下午 12:55:18
I4,2308810145118,下午 01:28:24
I4,2307810145118,下午 01:18:49
I4,2302910145118,下午 01:28:24
I4,2238610145118,下午 01:49:40
H4,4829480054118830000,下午 01:58:06
H4,4829380054118830000,下午 01:58:21
H4,2081810145118,下午 01:25:12
H4,93453180045110800000,下午 01:06:43
H4,70031133500232,下午 01:25:05
H4,93355780045110800000,下午 01:35:21
H4,53358110122136800000,下午 01:58:15
H4,1142980030016,下午 01:58:03
H4,61863722001018,下午 01:44:29
H4,94873980008710800000,上午 11:44:35
H4,9497010121930830000,下午 12:03:53
H4,97785280007910800000,下午 01:24:32
H4,95221080007810800000,下午 01:25:09
H4,92604480007632800000,下午 01:53:34
H4,92590580007632800000,下午 01:16:22
H4,28971780007618,下午 01:57:52
H4,28942180007618,下午 01:53:47
H4,14493210121818,上午 11:44:43
H4,380380007332,上午 11:44:10
H4,14422610121818,下午 01:08:03
H4,96185480006910800000,下午 12:39:45
H4,93336210002610800000,下午 12:03:50
H4,14361110121818,下午 01:51:05
H4,14359910121818,下午 01:07:05
H4,14354110121818,下午 01:15:58
H4,14354010121818,下午 01:15:56
H4,14330410121818,下午 01:53:41
H4,14330310121818,下午 01:53:41
H4,14187310121818,下午 01:15:59
H4,14164210121818,下午 12:04:00
H4,14156210121818,下午 12:40:01
H4,14149310121818,下午 01:35:09
H4,14116610121818,下午 01:15:55
H4,43323010002518,上午 11:44:32
H4,94438580006410800000,下午 01:08:38
H4,90076380006210800000,下午 01:44:49
H4,10555040506316,下午 01:35:17
H4,94070580005010800000,下午 01:16:02
H4,91255280004310800000,下午 12:40:34
H4,44904620503918,下午 01:51:43
H4,44904520503918,下午 01:51:44
H4,44904420503918,下午 01:58:40
H4,44904320503918,下午 01:16:32
H4,92122180004010800000,下午 01:16:07
H4,92116980004010800000,下午 01:35:04
H4,32432710001018,下午 01:53:44
H4,95704880003910800000,下午 12:40:49
H4,82161710045130800000,下午 12:39:56
H4,95884380003070800000,下午 01:53:51
H4,80613810045130800000,下午 01:36:34
H4,93568980002420800000,下午 01:36:46
H4,92159480001710800000,下午 01:36:40
H4,95824080001210800000,下午 01:44:25
H4,92005680001010800000,下午 12:03:59
H4,94539133001010800000,下午 01:08:10
H4,97803320004210800000,下午 12:39:49
H4,19335333000717800000,下午 01:44:43
H4,45196710045130800000,上午 11:44:09
H4,19082833000717800000,下午 01:16:14
H4,36030210045130800000,下午 01:15:52
H4,35838710045130800000,下午 01:36:35
H4,35300810045130800000,下午 12:03:54
H4,1942210145118,上午 11:45:35
H4,61883222001018,下午 01:19:08
H4,61833322001018,下午 12:04:53
H4,61833222001018,下午 12:04:52
H4,61800422001018,下午 01:36:39
H4,61800322001018,下午 01:54:14
H4,61794722001018,下午 01:19:09
H4,61790922001018,下午 01:19:12
H4,61779822001018,下午 01:45:14
H4,61761122001018,下午 01:16:57
H4,61749622001018,下午 12:04:54
H4,61662122001018,下午 01:19:04
H4,61659422001018,下午 01:19:06
H4,61647122001018,下午 12:04:46
H4,61638822001018,下午 01:36:47
H4,61627022001018,下午 01:52:26
H4,61606122001018,下午 01:18:52
H4,61530722001018,下午 01:36:44
H4,61467122001018,下午 01:17:01
H4,61465022001018,下午 12:41:03
H4,61325122001018,下午 01:16:59
H4,61320122001018,下午 01:52:28
H4,61240622001018,下午 12:04:48
H4,61195522001018,下午 01:52:32
H4,61179022001018,上午 11:45:28
H4,61053922001018,下午 01:10:11
H4,61039222001018,下午 01:36:43
H4,61031122001018,下午 01:36:51
H4,61031022001018,下午 01:36:52
H4,94744480009210800000,下午 12:41:08
H4,60797222001018,下午 01:52:41
H4,60797122001018,下午 01:52:34
H4,60626722001018,下午 01:36:46
H4,60593122001018,下午 01:18:59
H4,60566022001018,上午 11:45:19
H4,60520622001018,下午 01:25:47
H4,60445522001018,下午 01:45:12
H4,60443422001018,下午 01:54:21
H4,60417122001018,上午 11:45:26
H4,93265580009010800000,下午 12:41:15
H4,60132922001018,下午 01:45:20
H4,97563680008810800000,下午 01:10:22
H4,9349710121930830000,下午 01:17:06
H4,44468410121818,下午 01:18:49
H4,28970580007618,下午 01:59:53
H4,28924380007618,下午 01:18:02
H4,28923380007618,下午 01:54:25
H4,28898580007618,下午 01:25:53
H4,28898480007618,下午 01:16:54
H4,28896480007618,下午 01:10:07
H4,65806910002716,上午 11:45:28
H4,65806610002716,上午 11:45:29
H4,14052410121818,下午 01:59:51
H4,13806810121818,下午 01:10:00
H4,13735910121818,下午 01:59:49
H4,13670010121818,上午 11:45:20
H4,13651310121818,下午 01:10:02
H4,13650710121818,下午 01:18:48
H4,13638510121818,下午 12:04:43
H4,13617010121818,下午 12:41:01
H4,13461410121818,下午 12:04:49
H4,13384410121818,下午 01:09:58
H4,95690080003910800000,下午 01:45:35
H4,95689980003910800000,下午 01:45:37
H4,91059910045110800000,下午 01:59:47
H4,80498110045130800000,下午 01:37:39
H4,80484610045130800000,下午 12:04:41
H4,91921380001810800000,下午 01:17:08
H4,70413210045130800000,下午 01:59:52
H4,47830710045130800000,下午 01:10:23
H4,91441780000510800000,下午 01:25:56
H4,96908780000210800000,下午 01:37:50
H4,34566220003918,下午 01:37:32
H4,34566120003918,下午 01:37:31
H4,34566020003918,下午 01:54:12
H4,34565920003918,下午 01:54:11
H4,90896520001910800000,下午 01:45:10
H4,90681933000210800000,下午 01:36:34
H4,49072820001636800000,下午 01:54:52
H4,35388310045130800000,下午 01:53:47
H4,69505033500232,下午 02:00:45
H4,92583480007632800000,下午 01:08:57
H4,92573580007632800000,上午 11:46:24
H4,95055280003610800000,下午 01:47:21
H4,90158280001617800000,下午 01:17:55
H4,18892033000717800000,下午 01:55:29
H4,16309333000717800000,下午 01:26:20
I4,78880058100,下午 02:06:27
I4,21080055200,下午 01:15:32
I4,17380055200,下午 02:01:15
I4,15680055200,下午 01:15:32
I4,99864080045178800000,下午 01:28:24
I4,9461610004316,下午 01:56:58
I4,93514080045110800000,下午 01:43:02
I4,2095210145118,下午 02:10:07
I4,93499380045110800000,下午 01:39:44
I4,93480280045110800000,下午 01:25:36
I4,93463980045110800000,下午 02:06:27
I4,93449880045110800000,下午 02:06:27
I4,93411680045110800000,下午 02:08:49
I4,93408680045110800000,下午 12:57:36
I4,93408580045110800000,下午 01:43:02
I4,91922001378,下午 01:28:24
I4,93388880045110800000,下午 01:43:31
I4,93386580045110800000,上午 11:57:56
I4,98190422001210800000,下午 02:06:27
I4,96464610003670800000,下午 01:26:30
I4,96451810003670800000,上午 09:47:32
I4,98219822001010800000,下午 01:26:30
I4,98218222001010800000,下午 12:55:18
I4,53343510122136800000,下午 12:57:36
I4,320880033910,下午 01:25:36
I4,5944180030016,下午 12:03:41
I4,88480030020,下午 01:56:58
I4,61804122001018,下午 02:06:27
I4,69663033500232,下午 02:06:27
I4,61762322001018,下午 01:43:02
I4,61679722001018,下午 02:06:27
I4,42723280009510800000,下午 01:56:58
I4,42716080009510800000,下午 01:56:58
I4,1021840545116,下午 01:43:02
I4,42701680009510800000,下午 01:25:36
I4,42696380009510800000,下午 12:55:18
I4,93118180009410800000,下午 01:43:02
I4,61179122001018,下午 02:06:27
I4,61104122001018,下午 01:49:40
I4,61050122001018,上午 11:57:56
I4,61046622001018,上午 11:57:56
I4,61040922001018,下午 01:43:02
I4,61040722001018,下午 01:43:02
I4,61013822001018,下午 12:57:36
I4,60987922001018,下午 12:57:36
I4,94750680009210800000,下午 01:43:31
I4,94727380009210800000,下午 02:10:07
I4,3970780009218,下午 01:28:24
I4,60619322001018,下午 01:39:44
I4,96963880009070800000,下午 12:29:46
I4,96960380009070800000,上午 11:57:56
I4,11133610003418,下午 02:10:07
I4,60198122001018,下午 02:06:27
I4,98032880008910800000,下午 02:06:27
I4,98031180008910800000,下午 01:28:24
I4,98028280008910800000,下午 01:28:24
I4,98025380008910800000,下午 01:56:58
I4,17697833500216,下午 12:57:36
I4,97610880008810800000,下午 01:26:30
I4,97589680008810800000,上午 11:57:56
I4,19473033500118,上午 11:57:56
I4,91540280008870800000,下午 01:07:46
I4,94891580008710800000,下午 12:57:36
I4,94879380008710800000,下午 01:18:49
I4,97595580008610800000,下午 12:55:18
I4,94212780008510800000,下午 01:18:49
I4,93022280008520800000,下午 01:43:31
I4,96254480008410800000,下午 01:43:02
I4,96248780008410800000,下午 01:28:24
I4,97985180008310800000,下午 01:49:40
I4,94705780008320800000,下午 01:56:58
I4,96586380008210800000,下午 02:10:07
I4,9550810121930830000,上午 11:57:56
I4,9548210121930830000,下午 01:18:49
I4,96578480008210800000,下午 01:56:58
I4,96567580008210800000,下午 12:03:41
I4,93749222000670800000,下午 01:15:32
I4,93748822000670800000,下午 02:10:07
I4,70922322000618,下午 02:06:27
I4,97784680007910800000,下午 01:25:36
I4,2249633406816,下午 01:56:58
I4,23042310003018,下午 01:28:24
I4,9350110121930830000,下午 01:26:30
I4,7450722000417,下午 01:56:58
I4,95218780007810800000,下午 02:06:27
I4,95218680007810800000,下午 02:06:27
I4,95217780007810800000,下午 01:25:36
I4,90882280007870800000,下午 02:10:07
I4,98189580007710800000,下午 01:18:49
I4,98561380007610800000,下午 01:43:31
I4,97295280007620800000,下午 01:43:02
I4,92607080007632800000,下午 01:56:58
I4,92606980007632800000,下午 01:18:49
I4,92586680007632800000,下午 01:39:44
I4,94203910002810800000,下午 01:56:58
I4,28974780007618,下午 01:39:44
I4,28974180007618,下午 01:39:44
I4,28973280007618,下午 01:39:44
I4,28971680007618,下午 01:49:40
I4,28963580007618,下午 12:57:36
I4,28949680007618,下午 01:25:36
I4,28914080007618,下午 01:39:44
I4,30533422000218,下午 01:43:02
I4,30532522000218,下午 01:25:36
I4,93033010002710800000,下午 01:43:02
I4,91757280007500800000,下午 02:01:08
I4,523433403178,下午 01:49:40
I4,14456510121818,下午 01:25:36
I4,14456410121818,下午 01:25:36
I4,14456310121818,下午 01:25:36
I4,14444310121818,下午 01:28:24
I4,14436910121818,下午 02:10:07
I4,14427910121818,下午 01:26:30
I4,14427810121818,下午 01:26:30
I4,14427710121818,下午 01:26:30
I4,98263080007010800000,下午 02:06:27
I4,14411910121818,下午 01:39:44
I4,14400010121818,下午 01:49:40
I4,14395910121818,下午 12:55:18
I4,14395410121818,上午 11:57:56
I4,14389910121818,下午 01:39:44
I4,14379310121818,下午 01:39:44
I4,96194380006910800000,下午 01:43:31
I4,96193980006910800000,下午 01:43:51
I4,96174680006910800000,下午 01:25:36
I4,96173980006910800000,下午 01:56:58
I4,14350110121818,下午 01:26:30
I4,93226180006920800000,下午 02:08:49
I4,93052080006810800000,下午 02:08:49
I4,94101780006770800000,下午 01:28:24
I4,14186910121818,下午 01:26:30
I4,14164310121818,下午 01:25:36
I4,14160310121818,下午 01:43:02
I4,3919040508016,下午 02:06:27
I4,14156010121818,下午 02:08:49
I4,91291380006610800000,下午 01:56:58
I4,14151010121818,下午 02:10:07
I4,91287180006610800000,下午 01:18:49
I4,96994780006470800000,下午 01:26:30
I4,14413722000016,下午 01:56:58
I4,14030810121818,上午 11:57:56
I4,97086380006310800000,下午 01:26:30
I4,97083080006310800000,下午 01:56:58
I4,902333401178,下午 12:03:41
I4,90080980006210800000,下午 02:06:27
I4,90070480006210800000,下午 02:06:27
I4,76733401118,下午 01:28:24
I4,90054780006210800000,下午 02:08:49
I4,94982880006110800000,下午 01:39:44
I4,58920645028,下午 01:43:02
I4,94965580006110800000,下午 01:18:49
I4,1044910002218,下午 02:08:49
I4,94935080006110800000,上午 11:57:56
I4,94913280006110800000,下午 12:55:18
I4,2335920604028,下午 01:25:36
I4,94552080006010800000,下午 02:08:49
I4,94550780006010800000,下午 01:26:30
I4,20664720603918,下午 01:28:24
I4,94229780005810800000,下午 01:56:58
I4,94227480005810800000,下午 01:43:31
I4,20583020603918,下午 01:18:49
I4,20582920603918,下午 01:39:44
I4,20582820603918,下午 12:57:36
I4,20582720603918,下午 12:55:18
I4,20582620603918,下午 01:39:44
I4,97726033045010800000,下午 01:25:36
I4,81346010121718800000,下午 01:26:30
I4,95557033045020800000,下午 02:06:27
I4,92291880005510800000,下午 01:43:12
I4,92276080005510800000,下午 01:49:40
I4,92269980005510800000,下午 01:43:12
I4,92256180005510800000,下午 02:06:27
I4,98946810001320800000,下午 01:43:51
I4,98946710001320800000,下午 01:43:51
I4,98946610001320800000,下午 01:43:51
I4,97073980005470800000,下午 01:39:51
I4,1516420603918,下午 01:56:58
I4,1516020603918,下午 01:56:58
I4,93518280005410800000,下午 12:57:36
I4,1029110001218,下午 01:28:24
I4,94822633004310800000,下午 01:56:58
I4,94849310001110800000,下午 01:49:40
I4,92480380005210800000,下午 01:43:02
I4,92471480005210800000,下午 01:43:51
I4,92455480005210800000,下午 01:25:36
I4,92454180005210800000,下午 02:06:27
I4,91656480005270800000,下午 01:28:24
I4,91654480005270800000,下午 01:28:24
I4,92994733003810800000,下午 12:55:18
I4,94080580005010800000,下午 01:18:49
I4,50072820601332,上午 11:57:56
I4,87133210112830800000,下午 02:06:27
I4,7984240503816,下午 01:28:24
I4,94845980004710800000,下午 02:06:27
I4,61180010111718,下午 01:43:02
I4,61178210111718,下午 01:43:02
I4,19681120530216,下午 01:39:44
I4,90659033003300800000,下午 01:15:32
I4,92876780004510800000,上午 09:57:10
I4,97915380004410800000,下午 12:57:36
I4,94325080004420800000,下午 01:43:02
I4,92849980004470800000,下午 01:56:58
I4,32714210001018,下午 01:39:44
I4,91113133003110800000,下午 12:57:36
I4,91270980004310800000,下午 01:56:58
I4,91254980004310800000,下午 01:43:12
I4,6203340503216,下午 01:28:24
I4,32551310001018,下午 12:55:18
I4,91696980004110800000,下午 12:57:36
I4,91686980004110800000,下午 01:26:30
I4,44904220503918,下午 01:43:51
I4,32458110001018,下午 01:25:36
I4,32448710001018,下午 01:25:36
I4,97355733002770800000,上午 11:29:07
I4,44435520503918,下午 01:43:02
I4,95713180003910800000,下午 01:26:30
I4,95702980003910900000,下午 12:57:36
I4,95701780003910800000,下午 01:43:02
I4,93767610045670800000,上午 10:17:41
I4,93754310045670800000,上午 10:17:30
I4,90910380003810800000,下午 01:25:36
I4,95153780003610800000,下午 01:39:44
I4,95147880003610800000,下午 02:08:49
I4,95100980003610800000,上午 11:57:56
I4,95091380003610800000,下午 01:25:36
I4,91092310045110800000,下午 02:08:49
I4,91876280003510800000,下午 01:56:58
I4,91868180003510800000,下午 01:56:58
I4,91863780003510800000,下午 01:49:40
I4,97265380003410800000,下午 01:43:37
I4,97240980003410800000,下午 02:06:27
I4,93226733002210800000,下午 01:25:36
I4,90237680003400800000,下午 01:43:37
I4,91695980003310800000,下午 02:10:07
I4,98222080002810800000,下午 01:43:31
I4,98211980002810800000,下午 01:43:02
I4,98201280002810800000,下午 02:06:27
I4,93738680002870800000,下午 01:56:58
I4,90845980002710800000,下午 01:56:58
I4,90820280002710800000,上午 11:57:56
I4,90494380002510800000,下午 01:28:24
I4,96892380002470800000,下午 01:49:40
I4,93078280002410800000,下午 01:56:58
I4,94932880002120800000,下午 01:56:58
I4,94851880001910800000,下午 01:43:51
I4,94829480001910800000,下午 01:25:36
I4,94611780001917800000,下午 02:06:27
I4,94664010000110800000,下午 01:56:58
I4,70581010045130800000,下午 01:28:24
I4,92184480001710800000,下午 01:43:02
I4,92156580001710800000,下午 01:56:58
I4,1063409881500,下午 01:26:30
I4,70472610045130800000,下午 01:25:36
I4,16718040501632,下午 02:08:49
I4,30133301104000,下午 01:15:32
I4,97994533001110800000,下午 01:56:58
I4,76350501100000,下午 01:15:32
I4,7014801100000,下午 02:01:08
I4,35883201090000,下午 01:15:32
I4,98648880000910800000,下午 12:57:36
I4,25337601090000,下午 01:15:32
I4,94348180000810800000,下午 01:39:44
I4,93858580000870800000,下午 01:18:49
I4,25309301090000,下午 02:01:15
I4,25309201090000,下午 02:01:08
I4,25309101090000,下午 01:15:32
I4,94606033000910800000,上午 11:57:56
I4,91906880000670800000,下午 01:56:58
I4,47851410045130800000,上午 11:57:56
I4,91441780000510800000,下午 03:24:47
I4,95587780000310800000,下午 01:49:40
I4,17936900106070,下午 02:10:07
I4,97478880000110800000,下午 01:56:58
I4,19368733000717800000,下午 01:25:36
I4,95501620003910800000,下午 01:43:02
I4,90907200105970,下午 01:28:24
I4,76287500105970,上午 10:05:35
I4,71234100105970,下午 01:59:20
I4,70196700105970,下午 12:55:18
I4,19091033000717800000,下午 12:55:18
I4,42764200105970,下午 01:18:49
I4,35331900105970,下午 01:18:49
I4,19039933000717800000,下午 01:43:02
I4,28780800105970,下午 01:32:28
I4,5022320003918830000,下午 01:28:24
I4,4018820003918830000,下午 02:06:27
I4,4001520003918830000,下午 02:06:27
I4,9873100105970,下午 01:28:24
I4,9709900105970,下午 12:57:36
I4,8548200105970,下午 01:39:44
I4,11052640500218,下午 01:56:58
I4,33999340306518,上午 11:57:56
I4,35779810045130800000,下午 01:43:02
I4,40213400105870,下午 02:00:38
I4,20863840306518,下午 01:49:40
I4,8682740306518,上午 11:57:56
I4,35660910045130800000,下午 02:06:27
I4,35639210045130800000,下午 01:18:49
I4,842573600316,下午 01:43:02
I4,35434710045130800000,下午 01:49:40
I4,92052500105770,下午 12:38:31
I4,35398710045130800000,下午 01:56:58
I4,35398410045130800000,下午 12:55:18
I4,35393310045130800000,下午 02:08:49
I4,35388910045130800000,下午 12:57:36
I4,80707400105770,下午 01:25:36
I4,1223473600216,下午 01:49:40
I4,35300910045130800000,下午 01:49:40
I4,35300710045130800000,下午 01:43:02
I4,49490120001636800000,下午 01:56:58
I4,59039600105770,下午 01:15:32
I4,7558840212516,下午 01:25:36
I4,49665200105770,下午 01:18:49
I4,35184610045130800000,下午 01:28:24
I4,35178410045130800000,下午 01:39:44
I4,35178110045130800000,下午 02:08:49
I4,35177610045130800000,下午 01:18:49
I4,35175010045130800000,下午 12:57:36
I4,40320400105770,上午 10:01:54
I4,697640211618,下午 02:08:49
I4,7903700105770,上午 11:57:56
H4,58022032025330800000,下午 01:59:55
H4,1827073502818,下午 01:36:25
H4,92168532000710800000,下午 01:17:12
H4,93516032000510800000,下午 01:36:24
H4,1924510029618,下午 01:17:14
H4,1924410029618,下午 01:17:15
H4,1924310029618,下午 01:10:19
H4,99344710028418800000,上午 11:45:31
H4,99344410028418800000,下午 12:04:56
H4,99344310028418800000,下午 12:04:55
H4,99344210028418800000,下午 12:04:57
H4,99343910028418800000,下午 01:17:20
H4,99343610028418800000,下午 12:41:04
H4,51327410028418800000,下午 01:18:59
H4,51326710028418800000,下午 12:04:43
H4,51326510028418800000,下午 12:04:50
H4,51325710028418800000,下午 01:54:09
H4,51325610028418800000,下午 01:10:04
H4,46973610028418800000,下午 01:52:30
H4,46972510028418800000,下午 01:25:49
H4,46972110028418800000,下午 12:41:14
H4,46972010028418800000,下午 12:41:13
H4,57027110028318800000,下午 02:00:00
H4,51572510028418,下午 12:42:07
H4,447210745117,下午 01:53:11
H4,10375470806332,下午 01:46:21
H4,10375270806332,下午 01:46:20
H4,10088170806332,下午 01:18:21
H4,34971210045130800000,下午 01:06:53
H4,6250120000017830000,下午 01:16:06
H4,33869310045130800000,下午 12:03:52
H4,58092932025330800000,下午 01:58:12
H4,329310705418,下午 01:53:32
H4,25802940202116,下午 01:36:36
H4,2324210029618,下午 01:44:08
H4,2323710029618,下午 01:35:21
H4,2323610029618,下午 12:40:28
H4,2323510029618,上午 11:44:41
H4,2323410029618,上午 11:44:40
H4,5368770706218,下午 01:44:05
H4,5366170706218,下午 12:39:59
H4,51742910028418,下午 12:40:21
H4,51742810028418,下午 01:07:12
H4,51742710028418,下午 01:44:35
H4,51742610028418,下午 01:16:04
H4,51742510028418,下午 12:40:19
H4,51742410028418,上午 11:44:27
H4,51572610028418,下午 01:36:42
H4,51572410028418,下午 12:40:20
H4,11479700102470,下午 12:03:50
H4,90208500101370,下午 01:37:03
I4,91878920001110800000,下午 01:49:40
I4,87301400105670,下午 01:28:24
I4,34731910045130800000,下午 01:56:58
I4,91424932045010800000,下午 02:08:49
I4,1920573600018,下午 01:56:58
I4,90815020000570800000,下午 12:55:18
I4,34025210045130800000,下午 12:55:18
I4,558473504718,下午 02:10:07
I4,5457573504616,下午 12:03:41
I4,73023600105570,下午 12:55:18
I4,4929373504616,下午 01:56:58
I4,71358900105570,下午 12:35:57
I4,78648500105470,下午 02:35:03
I4,78648400105470,下午 02:35:00
I4,58089932025330800000,下午 01:26:30
I4,78611600105470,下午 02:34:58
I4,11213173502816,下午 01:49:40
I4,11212973502816,下午 02:08:49
I4,10945473502816,下午 02:08:49
I4,2986773502316,下午 01:43:02
I4,49838700105470,下午 01:43:02
I4,412973502116,下午 01:43:02
I4,35093800105470,下午 01:39:44
I4,94106932004620800000,下午 02:08:49
I4,311420000070,下午 01:28:24
I4,29708310945130800000,下午 01:25:36
I4,24382000105470,下午 01:18:49
I4,1707073401218,下午 01:43:51
I4,93321873004910800000,下午 02:06:27
I4,39588800105370,下午 01:28:24
I4,26337940207216,下午 02:06:27
I4,2063710745128,下午 01:56:58
I4,10340010045130800000,下午 01:28:24
I4,20442600105370,下午 01:02:45
I4,2030210745128,下午 01:25:36
I4,3247200105370,下午 02:08:49
I4,97804000105270,下午 01:56:58
I4,241410736516,下午 01:56:58
I4,87403400105270,上午 11:57:56
I4,117610731316,下午 12:55:18
I4,95881773003910800000,下午 01:25:36
I4,90580532003010800000,上午 11:57:56
I4,190310045130832000,下午 12:57:36
I4,24542300105270,上午 10:35:27
I4,12480500105070,下午 12:55:18
I4,12210600105070,下午 01:39:44
I4,608210032820,下午 01:43:51
I4,98706040206518,下午 01:28:24
I4,94073640206518,下午 12:55:18
I4,74950632002718,下午 01:26:30
I4,86267600104970,下午 01:55:04
I4,62063200104970,下午 02:06:27
I4,57426200104970,下午 02:06:27
I4,49590400104970,下午 12:57:36
I4,47884100104970,下午 01:39:44
I4,90663773002410800000,下午 01:43:12
I4,80890210029917800000,下午 02:06:27
I4,92478700104870,下午 01:18:49
I4,97038473002310800000,下午 02:06:27
I4,87092300104870,下午 01:56:58
I4,42510714218,下午 01:56:58
I4,70478200104870,下午 01:49:40
I4,95937773002020800000,下午 01:49:40
I4,95935373002020800000,下午 01:18:49
I4,19804140206518,下午 02:10:07
I4,65940700104870,下午 02:08:49
I4,63340200104870,下午 12:57:36
I4,61764300104870,下午 12:38:28
I4,52230200104870,下午 12:40:12
I4,39101200104870,下午 02:10:07
I4,39036400104870,上午 11:21:28
I4,39036300104870,上午 11:21:25
I4,30506432002417,下午 01:25:36
I4,2854640206578,上午 11:43:07
I4,45498810710818,下午 01:43:37
I4,93482773001010800000,下午 01:18:49
I4,92493732002010800000,下午 01:28:24
I4,42650400104770,下午 02:08:49
I4,4173440205916,下午 01:56:58
I4,4173340205916,下午 01:56:58
I4,92195673000210800000,下午 01:49:40
I4,98372900104670,上午 11:37:06
I4,96737600104670,上午 11:14:50
I4,96735500104670,上午 11:14:48
I4,95966373000010800000,下午 01:43:12
I4,72296400104670,下午 12:55:18
I4,60442100104670,下午 01:56:58
I4,60441900104670,下午 01:56:58
I4,59500900104670,下午 01:56:58
I4,30444440204616,下午 02:06:27
I4,88101200104570,下午 01:39:44
I4,73694600104570,下午 01:28:24
I4,69840600104570,下午 02:10:07
I4,37787400104570,上午 09:47:26
I4,7706600104570,上午 11:57:56
I4,1985400104570,下午 01:39:44
I4,94100500104470,下午 12:47:01
I4,45850132000516,下午 01:15:32
I4,45828832000516,下午 02:01:15
I4,45828732000516,下午 02:01:08
I4,45828632000516,下午 01:15:32
I4,75098600104470,上午 11:17:41
I4,75098300104470,上午 11:17:43
I4,72273800104470,上午 11:48:21
I4,37676400104470,下午 02:10:07
I4,93766532000410800000,下午 02:10:07
I4,195070803518,下午 02:08:49
I4,179970803518,下午 01:25:36
I4,39574800104370,下午 02:35:56
I4,37100000104370,下午 02:08:49
I4,2073470802416,下午 02:06:27
I4,4361370801618,下午 02:06:27
I4,988370801116,下午 01:43:02
I4,32441400104270,上午 10:54:35
I4,402610705418,下午 12:55:18
I4,1009900104270,上午 09:47:16
I4,31574500104170,下午 12:57:36
I4,28904200104170,下午 01:25:36
I4,27237270745118,下午 02:06:27
I4,11320210704618,下午 01:56:58
I4,11309610704618,下午 01:56:58
I4,51302110029810800000,下午 01:26:30
I4,49162110029810800000,下午 01:43:02
I4,38034610703618,下午 12:57:36
I4,76818100104070,下午 01:49:40
I4,25803040202116,下午 01:56:58
I4,25802840202116,下午 12:55:18
I4,216010703678,下午 01:26:30
I4,29173400104070,下午 01:25:36
I4,2324310029618,下午 02:06:27
I4,2324110029618,下午 01:43:02
I4,2324010029618,下午 01:43:02
I4,2323910029618,下午 01:49:40
I4,2323810029618,下午 02:10:07
I4,2323310029618,下午 01:26:30
I4,2323210029618,下午 01:26:30
I4,2323110029618,下午 01:28:24
I4,2669640201118,下午 01:26:30
I4,43721400103970,下午 02:06:27
I4,31813200103970,上午 10:12:58
I4,2373940200318,下午 01:28:24
I4,6932730303816,下午 01:56:58
I4,992010702518,下午 01:43:02
I4,76911000103570,上午 11:48:19
I4,39871700103570,下午 01:42:40
I4,760910702116,下午 12:55:18
I4,20028370704616,下午 02:06:27
I4,7875940107516,下午 01:43:02
I4,66130400103270,下午 01:28:24
I4,35190100103270,下午 02:03:45
I4,35190000103270,下午 02:03:59
I4,35189800103270,下午 02:04:11
I4,34820200103270,下午 02:03:51
I4,98296400103170,下午 01:49:40
I4,48942540106518,下午 01:56:58
I4,92956100103070,上午 11:03:30
I4,92936400103070,下午 12:55:18
I4,55202400103070,下午 01:48:51
I4,96714100102970,下午 02:10:07
I4,78455600102970,下午 01:10:49
I4,51742310028418,下午 01:43:02
I4,48916000102970,下午 01:49:40
I4,85751900102770,下午 01:29:36
I4,11880470703116,下午 01:49:40
I4,38120100102370,下午 01:28:24
I4,51327310028418800000,下午 01:25:36
I4,51326810028418800000,下午 12:57:36
I4,51326610028418800000,下午 12:57:36
I4,136110661000,下午 02:01:15
I4,46972410028418800000,下午 01:26:30
I4,46971910028418800000,下午 02:06:27
I4,46971810028418800000,下午 02:06:27
I4,1358200101670,下午 01:45:07
I4,11147100101570,上午 09:49:27
I4,84326200101470,下午 01:49:40
I4,58161200101470,上午 09:57:15
I4,58161100101470,上午 09:57:06
I4,58161000101470,上午 09:57:02
I4,31922300101370,下午 12:57:36
I4,5618040101618,下午 01:18:49
I4,57027210028318800000,下午 02:10:07
I4,44622500100170,下午 02:08:49
I4,15329940100316,下午 01:26:30
