號碼,郵局,緯度,經度,重量,重量單位,一上P,一下P,二上P,二下P,三上P,三下P,四上P,四下P,五上P,五下P
0,1,22.501264,120.397632,NaN,NaN,NaN,NaN,NaN,NaN,NaN,NaN,NaN,NaN,NaN,NaN
1,0,22.50686811594203,120.38849275362318,1676.5848386776304,1,0.5878218061944931,0.9996710620083546,0.9134258401317173,0.7631107658699332,0.5688609260228883,0.6322855673918294,0.5231182773168025,0.7039776117430631,0.8070667876541144,0.8648842866890712
2,0,22.48601,120.400615,6148.411019166926,2,0.5827527128336315,0.7474432880719432,0.6499373095550094,0.6813738289331043,0.684549870119596,0.620370927180233,0.6194393271305514,0.8573406914850753,0.7242208458073954,0.3819146159783223
3,0,22.5221625,120.40636041666667,124.11401101090345,1,0.746497605762023,0.7318234238491447,0.6798104157546252,0.763334416527717,0.8067755004094288,0.8240039657291058,0.6755017424381456,0.619818299576464,0.7731036024429342,0.7220294228922456
4,0,22.50768181818182,120.36973636363636,688.1054518759116,1,0.666587240661479,0.7055778206221441,0.5146484994049603,0.8432684026751749,0.7251079225615461,0.5629539920081801,0.8180203792186899,0.8199599189339213,0.7618423511853368,0.7078714269354447
5,0,22.50383028169014,120.3970190140845,584.4411596480228,1,0.6473591565549371,0.7037261610561099,0.7056291261765254,0.6720416621478077,0.6681480230384023,0.6072855609673646,0.6065295277000717,0.622575915011492,0.701719173993644,0.8863973135117154
6,0,22.495837313432837,120.38340149253732,2143.9055401826367,1,0.7821582500838441,0.6603866675820995,0.6783497472094594,0.8109791895571166,0.7955722180570497,0.6661092419664596,0.5790909154431638,0.6812649665368,0.6746881702300435,0.8243758446183996
7,0,22.52574342105263,120.40042894736843,1244.0987221942858,1,0.48846485772891435,0.8236954602981753,0.8576679542074325,0.6462407980088476,0.5011411182515964,0.8954306580873314,0.7950621029552009,0.7218824559795982,0.7715870826828525,0.6736208788067125
8,0,22.507513812154695,120.41205359116022,13629.437080432033,3,0.7146912564068545,0.6744375843723314,0.619086297187755,0.7027735753663534,0.6720205179826049,0.39318374063212286,0.5861991527484348,0.6708879022427628,0.5858732146111545,0.6627157473992455
9,0,22.513389427312777,120.39501233480176,444.88543200100395,1,0.8442682880385366,0.8159907810084809,0.5406811630354609,0.7809940692707071,0.6036417356211697,0.747517107508506,0.6617273783520948,0.8404329574433116,0.8020491532847362,0.7133403249196251
10,0,22.489835227272728,120.38844431818181,1042.4165786489928,1,0.7213018355819569,0.8681004014971292,0.610015607941068,0.42257724943624514,0.8385709514525996,0.5698317533269092,0.6051959982267594,0.76885439300346,0.5874758172392648,0.7576876183370799
11,0,22.478141463414634,120.41298536585366,3766.518427051935,1,0.589748556452629,0.7884621840371638,0.6730432142383089,0.8726136524441902,0.6601271018052248,0.8851322607095649,0.7997599633555901,0.7818375189991004,0.6367765395163127,0.589807392425735
12,0,22.503490666666664,120.38614266666667,1359.0629989129316,1,0.6363952386055638,0.7399069846071664,0.8821978053548244,0.7296682427308562,0.5902344241685065,0.6862912977025342,0.6654489948298,0.669892595641284,0.6450768947073345,0.6750649083387632
13,0,22.50190909090909,120.4068909090909,2045.4434070276604,1,0.6801611590632103,0.5781857675854152,0.8431968827673652,0.6856083347859662,0.5986843652201258,0.7807801082321556,0.5642367504029288,0.7563368901258666,0.6112545765853702,0.5842820383282101
14,0,22.488858426966292,120.3962202247191,7322.830028669114,2,0.5582345185965302,0.7391427397760206,0.5684341981453591,0.7233706610791497,0.7985219004579079,0.5435964755186244,0.7499779197251681,0.9320503922149748,0.6157666881485951,0.6760424878872898
15,0,22.508431343283583,120.37648208955224,1036.19292550304,1,0.784303912784273,0.5923771300947428,0.6081212460666781,0.6510610721216878,0.7220362961206558,0.6127485294246188,0.7028661365956606,0.6755605104335505,0.7628494729590743,0.7714255112255997
16,0,22.519666666666666,120.38798,164.2879056160665,1,0.6936031640361426,0.777507518229402,0.7452678515081818,0.7447669591636253,0.6183865560004709,0.6091246439862046,0.4600458531975986,0.6363211157561166,0.5298881681531697,0.8160001460143631
17,0,22.510152873563218,120.40131379310344,151.0417583859531,1,0.5826176347176608,0.702827334214313,0.8538314915361466,0.843524718426177,0.570548886628852,0.8717168945077657,0.7169374778128623,0.7402297713335487,0.5986675244219786,0.7941975699652979
18,0,22.505029166666667,120.39163055555555,710.542142571612,1,0.5370607163658272,0.697963342000799,0.6828684976080274,0.728173907273725,0.6309611689208501,0.76851382922409,0.9329861233091788,0.764193574611223,0.8182386791083006,0.8449722505243031
19,0,22.507326041666666,120.394771875,1454.3484463586233,1,0.6635498954621715,0.685642673339549,0.6940099038606827,0.7373887180833856,0.6390207876165344,0.8190092272156094,0.5232640811951395,0.5860260563363124,0.6979177982996456,0.6748648659422257
20,0,22.53039245283019,120.40138113207547,3263.7869556013734,1,0.8766649087138739,0.7029113468536843,0.767918277292307,0.8154720948796352,0.6450396907951477,0.8020370569634735,0.8892207993395085,0.45597946882132784,0.7462567901296683,0.8315753383952068
21,0,22.499905504587158,120.38004311926605,4915.3963379959505,1,0.6771579706328995,0.6828491489566519,0.4962215470599504,0.9254170710938597,0.703263295082283,0.9176994516309359,0.5929855725484412,0.8090675034480481,0.6775279878537684,0.7381955702806607
22,0,22.512543046357614,120.39180397350994,3144.9266011871237,1,0.6220613706642119,0.6434989858002457,0.5636747855895436,0.6513999508554612,0.5748835055531551,0.6902663003973455,0.7395509424926895,0.5582083411534366,0.9060092193077909,0.7413293877322908
23,0,22.50091089108911,120.39310594059405,7657.187748898061,2,0.7463213973580028,0.7105953374864006,0.788717593798195,0.7893603296955445,0.6522382664498743,0.6477945114741815,0.6224292713821411,0.6226966184792853,0.6886860507743162,0.6965655012309582
24,0,22.495532258064515,120.39883225806452,1280.7970176817432,1,0.5154391130786752,0.8042979750936374,0.48453380229892906,0.8756958999680319,0.6939536966012329,0.8383781029366345,0.7319855253805696,0.6897102098507333,0.5013992840517307,0.7610497344966852
25,0,22.4936,120.41501923076923,9598.40106857196,2,0.7397772898967389,0.6672461504900796,0.724363888388428,0.674401661891207,0.6319693082873032,0.7441504022963978,0.7827817751293952,0.6523227989150371,0.649693094336464,0.7187816656780207
26,0,22.482,120.40846388888889,2236.9686796423875,1,0.7574786314350093,0.6784848814234561,0.743125962089304,0.7171124224436912,0.7025024191114473,0.6276185913860939,0.7354424260329065,0.7152347049151333,0.757309911679267,0.6005531042837654
27,0,22.52233870967742,120.39768064516129,7425.446919530088,2,0.7591492683919503,0.7327839856473873,0.6521250081043342,0.7498810280225514,0.6700257226183146,0.6669895931461742,0.5476969762786167,0.8292467983122558,0.7457806530057727,0.5835263515320834
28,0,22.531728571428573,120.41095714285714,700.7929534596832,1,0.7998407945935733,0.6770513502362792,0.7744975515859176,0.768159317643593,0.6878355319127694,0.7789269613211449,0.7486469659336727,0.8030836240087414,0.6344443049191297,0.585400298798314
29,0,22.515981395348838,120.40590697674419,488.1079759632326,1,0.7508557661063991,0.829073283954208,0.7094544764531756,0.644705056605948,0.6988173376191538,0.5417671552794588,0.7327410169493336,0.6651226094077455,0.5477541842477598,0.6485264237393491
30,0,22.504156140350876,120.40248596491229,3260.890830010251,1,0.761043686235027,0.5690105954663902,0.7182443186604153,0.6516975060001273,0.5459376594055059,0.7806382301399551,0.7405018800605794,0.6195820775661749,0.8382386896430479,0.6617179617462458
31,0,22.533733333333334,120.40142083333333,837.3908804599487,1,0.6062963806133201,0.727499603710747,0.5837181745885335,0.705037138622439,0.5422977481086032,0.6496043535078759,0.7689754737324226,0.5490267155049786,0.7847959432728209,0.7162436038954255
32,0,22.51424722222222,120.38258333333333,2119.052149084169,1,0.6888632956124869,0.5847374710265388,0.7672583242156528,0.8804639834063914,0.8204434507859888,0.6283214830035975,0.7122384072236881,0.6484565563760989,0.687469154849085,0.812656385284733
33,0,22.50464054054054,120.36769324324324,940.8389854193963,1,0.6321427641055168,0.6235877428083286,0.6878499165938348,0.6182351610213436,0.9876426400082926,0.7437245622963995,0.6681373420290361,0.5792606747894549,0.6616895230144223,0.833557337651079
34,0,22.509552272727273,120.39108068181818,493.85840115446246,1,0.7806875688894439,0.8834599101417749,0.6939406379487254,0.78736054382652,0.5799740480342294,0.8904818184313212,0.7106661345952733,0.7097279279839868,0.6904842861972204,0.8023866129342176
35,0,22.48325061728395,120.39806296296297,636.3252820036097,1,0.668854836052319,0.7599369993515652,0.6587384117728187,0.7615138515968396,0.5889800107997092,0.770847002437176,0.5610287064930277,0.6860803661095868,0.6050058831415726,0.7320029713845257
36,0,22.500876470588235,120.37320882352941,2293.451469364314,1,0.6904917452810104,0.8429282157415787,0.7002090392344649,0.7873180833005585,0.4772437665540487,0.8417601680130287,0.5713581622476858,0.6475857778276034,0.6438228542936104,0.802102334422511
37,0,22.48953043478261,120.39404260869566,4952.815166751095,1,0.6621812507641109,0.7945665316387168,0.5913635993301662,0.847609773763193,0.74699814288324,0.8683071806844298,0.5333745832882525,0.612435723240968,0.6972331261238507,0.6236263390192619
38,0,22.503846666666668,120.38062166666667,1791.91836749574,1,0.7318528035243923,0.693443837803084,0.652835100209422,0.734964034223255,0.6462582547065775,0.6699595079111005,0.7236194436630498,0.8584583267461985,0.7728261321635768,0.8390507687897198
39,0,22.500235106382977,120.38718723404256,2206.2267215834213,1,0.6789151134845302,0.6741097762680323,0.6142673495431741,0.7576445228835205,0.6604781530658487,0.657837837874216,0.6031585902451149,0.6875857719686782,0.6668349363757636,0.7619233141962143
40,0,22.5288275,120.398245,2535.6704582357343,1,0.761895566711434,0.369415306057373,0.5108309007395179,0.6610558363190475,0.7687708468479918,0.8398652278220836,0.7036154193105341,0.7601368262439453,0.41494611804383863,0.7588670531739583
41,0,22.50345303030303,120.39957878787878,2895.792631879478,1,0.8022067290792225,0.8450304978992964,0.8216912560359405,0.722836529398576,0.7144884876209442,0.7083447186145425,0.6910861088768001,0.6223500397970495,0.6559182021250314,0.8808691167480489
42,0,22.49896790123457,120.40645555555555,5266.685458204032,2,0.6398686994375803,0.5542216027243112,0.5683179896772703,0.7862919059159295,0.7718927335344836,0.761621114734494,0.5693132162526444,0.7337536852227985,0.6348121897051814,0.7943837899405479
43,0,22.512563333333333,120.3875,508.6237289054048,1,0.5575029546915493,0.5881314975428797,0.5676661247772268,0.8306335027781774,0.5864933003351598,0.8059630679571052,0.8883276054113536,0.5942209774285448,0.5617843962384106,0.5532981721048837
44,0,22.52711935483871,120.39568387096774,3916.047764408862,1,0.6364617693685938,0.7777301526094302,0.7798881742842735,0.8273047178524537,0.7301959735527176,0.7340101606345516,0.7619678734435402,0.9668935812977908,0.6368203145551002,0.6630630470260309
45,0,22.50199324324324,120.38973108108108,2409.6360267394307,1,0.6725558091806314,0.596510017918839,0.4633573906677011,0.6465132944742138,0.4868128836384875,0.6857948618177628,0.6679319293756278,0.7590165030640554,0.8648712506788683,0.694124629373629
46,0,22.52354893617021,120.39146170212766,21.56682556359602,1,0.8892089324160228,0.682134629134224,0.7469417402334978,0.749426366751972,0.5033938591176959,0.7952330313026873,0.681339293759641,0.7694199134827528,0.7859122319087589,0.5535300374308174
47,0,22.508796666666665,120.39610333333333,3196.8150451309652,1,0.7418832330941689,0.6987332028330355,0.5677096842699927,0.6598772424580857,0.6514235014887249,0.7435273640124552,0.5390891790994379,0.7183658986450963,0.7617999312794159,0.7320719357666021
48,0,22.517294444444445,120.39548611111111,152.3509473296856,1,0.7678918614932801,0.7173271611457692,0.5292918181668272,0.7295308004941754,0.716114149987032,0.6939617801481592,0.6991159107494029,0.8248968589617119,0.6972469400251347,0.6972534857866018
49,0,22.508111111111113,120.36582222222222,854.4243271968497,1,0.7578741570283982,0.8170601325340476,0.7420503468671706,0.7073155429455069,0.6308382703709984,0.8588869300928949,0.7321670870360694,0.8764570176507596,0.6585426796713706,0.6519578259951364
50,0,22.505152499999998,120.397425,655.3634626223972,1,0.675284750160763,0.8115892449715771,0.6037729018100728,0.7166611414452171,0.7963820714809609,0.728771302088021,0.7414790577819,0.8093387423159457,0.6556158986465084,0.8711982032634142
51,0,22.50069633027523,120.39756513761468,678.1377351449769,1,0.5916062039572952,0.8436969593820287,0.6455026911271566,0.6764758033786201,0.6346758241274874,0.6270012371452882,0.7474108014151929,0.8604286511176453,0.6733829592856716,0.7323430918127417
52,0,22.532973584905662,120.39753396226415,1549.5446285470282,1,0.8169868167722446,0.6472111334997163,0.5906344058872189,0.7691720142871574,0.8094283390930525,0.7803021436075562,0.6021381587640604,0.7731056210650409,0.56821901516394,0.7882636481744686
53,0,22.520535064935064,120.40563896103896,996.3646361321521,1,0.5955590772381336,0.6716543036666276,0.6715374932505537,0.7798711274380927,0.6384514381502577,0.8721975578179263,0.676088737772615,0.7908424163745791,0.6851915391001389,0.5346253481495373
54,0,22.502841025641025,120.39413076923077,870.0974913603214,1,0.5996716988674357,0.6640235866944341,0.6735719631609522,0.6046716561890851,0.6271615144175047,0.8196505027743662,0.6431559017076145,0.8122571842059787,0.6735355584664817,0.6476454579621367
55,0,22.49993035714286,120.38381428571428,993.8554084878613,1,0.6514447247191468,0.7952930545583146,0.8025418282881372,0.5153694910096477,0.8434387893099936,0.7660695894697285,0.7015349193374907,0.6672233476747186,0.6915013900966809,0.6678168128256936
56,0,22.484710975609755,120.3971231707317,5471.5118007299525,2,0.6064840128928278,0.7888835365223182,0.6009408301676709,0.6246469734263612,0.6149443994359474,0.8583595712248905,0.5095376761405007,0.6291859492632542,0.7053107649470952,0.6150227466306154
57,0,22.510693103448276,120.40478965517241,3294.48019326038,1,0.7862041225127147,0.8282202443836956,0.5086830272767889,0.7223550257335174,0.6166874312505496,0.8017940612603728,0.7748894089350381,0.7435879456997071,0.7247784384113134,0.5404180862158816
58,0,22.503407438016527,120.3843347107438,8718.298190603258,2,0.56227474878812,0.766985012755254,0.7927833785783124,0.658999339681547,0.7174736974005455,0.6613149611460898,0.6066438963119598,0.9034790373187381,0.7709827818733759,0.7785569420134714
59,0,22.52241935483871,120.38698064516129,2755.2618641737004,1,0.7107811428186427,0.8724774221430998,0.5522003292308245,0.5242940038225016,0.6889836337915685,0.7112379584807074,0.6418845527852649,0.8558166223411041,0.49475089106459136,0.5286564594908645
60,0,22.527132142857145,120.41031071428571,127.01875283596038,1,0.799698310954009,0.704204933664657,0.434182322300166,0.7244221744002995,0.428744250658228,0.5765568591625602,0.8060766246895252,0.5478219622054683,0.4677313352410916,0.6726961954445556
61,0,22.505147368421053,120.37129824561404,808.1680578723888,1,0.7003064727528746,0.6336513467187096,0.558118031019186,0.8199150579559935,0.6269440075494024,0.7698634491207584,0.7187736807306951,0.7532784318512095,0.7332209200250072,0.6673515674518031
62,0,22.495528571428572,120.38896428571428,4103.210425937435,1,0.5635670583884551,0.6941586713133485,0.6909895693768179,0.7835052726305993,0.5840520959208945,0.9196031945285186,0.8027515993707602,0.668925964256723,0.7429638056297343,0.6589919479862727
63,0,22.487650000000002,120.40488125,7925.280665896804,2,0.6428121344243535,0.7183972427878822,0.9052984359336869,0.7785634287056145,0.6777186889298203,0.7599937054461302,0.7864730917087093,0.8627718476393078,0.46549898437893056,0.886363425554458
64,0,22.512069999999998,120.37868,608.5317285757662,1,0.6527521230925767,0.6137964884617174,0.6353929449734717,0.609126776321276,0.8059180193987293,0.7566052897112859,0.786052062494637,0.616781146610808,0.6057610137907312,0.7558505368043766
65,0,22.508175,120.403715,1060.8662028414653,1,0.6977848238519004,0.49983400854408183,0.6382579307866687,0.6506406127508793,0.5899837043969196,0.7719232175533701,0.6872564307771754,0.8624271270470267,0.7849604494540938,0.6134956186697114
66,0,22.49704482758621,120.41501379310345,430.5718060907074,1,0.7210595729234313,0.5588310001142965,0.7868704867399763,0.681843852115341,0.800491552483992,0.8100319552257366,0.6568300221221192,0.65310067319834,0.7288946110212211,0.6430185112739784
67,0,22.51012962962963,120.37526543209877,3033.1310597952643,1,0.6578940321844216,0.8360590098556993,0.7763135101491166,0.8505951590044507,0.6551545610002367,0.7462695572618803,0.6163088931660605,0.714678150574937,0.7348496117854711,0.7467324329169984
68,0,22.497920833333332,120.37595,371.8943614654669,1,0.5326062891807664,0.7746698060083645,0.6259568498691768,0.6573097626566404,0.6289570954650593,0.896454562927254,0.5435980654300405,0.8422515302600071,0.7065166481049454,0.6400183724243311
69,0,22.510571764705883,120.39401647058824,677.4010202578007,1,0.7806700359006946,0.6011703699820283,0.7021981720274593,0.7346604703066252,0.8019070068161329,0.8726389274122565,0.5650807947999107,0.630061921195396,0.7057213906670301,0.4812457414995444
70,0,22.5049921875,120.386653125,4626.350181812655,1,0.49736287666083157,0.5738236661306683,0.5471084010239964,0.7239138696986827,0.6784684173923403,0.7766773417411509,0.7524787436298104,0.757956288083076,0.700381530080327,0.5950888284839074
71,0,22.48709756097561,120.39868292682927,5367.672981319396,2,0.6108660744103207,0.7554235428388023,0.6585387687090605,0.666658122188363,0.7269739556493424,0.7712613166627181,0.5375789072994932,0.6534391972221196,0.6426712391727805,0.8381885002220637
72,0,22.507578125,120.39134375,2919.720866978075,1,0.8503079956324862,0.7686312907798565,0.6748928607190005,0.8014840569933859,0.668368297098588,0.7278700224668586,0.6210520977613414,0.7179804765815594,0.6339284913966861,0.8382771067096947
73,0,22.4956,120.38036046511627,1024.4956614047956,1,0.6292911142271124,0.773017124379348,0.8046283531980777,0.7655315708811437,0.6713793817152947,0.7556614764160162,0.6481343742186568,0.5614252537071579,0.8445689104791508,0.8865871484344737
74,0,22.515633333333334,120.39493546099291,1083.1168863425703,1,0.6838148267311449,0.7384963121836163,0.7248094284453225,0.814684665109042,0.7142254048711271,0.8085337177123236,0.7286750171183394,0.8510502495100354,0.7431544702460543,0.8580958201949364
75,0,22.489713414634146,120.39205365853658,1123.5719915737322,1,0.6427609227171813,0.6961316517691474,0.8263016281352309,0.9187439045075715,0.6140599485489845,0.8239104161363755,0.5012695599606531,0.7301429939823276,0.8613771857336112,0.6633277392123302
76,0,22.502016129032256,120.40342258064516,3308.721768412637,1,0.6037799589050115,1.0110243808497812,0.894810424111342,0.6663412922496407,0.5773613931179336,0.8208361986073764,0.6574067197075025,0.6515966171982899,0.8006015758741952,0.8489675851864514
77,0,22.517390909090906,120.41090909090909,304.28987879660184,1,0.7400958290526269,0.9480006205400701,0.6178084902735868,0.7326865983760789,0.5883894663560716,0.7253910864982188,0.6537660970005735,0.6939641802632499,0.6937190746203268,0.7243838659180714
78,0,22.51936153846154,120.4000576923077,1444.7304731677675,1,0.4956195991739425,0.5938220902582638,0.9048204954310662,0.6634159250037706,0.9342389438192884,0.8802931051558874,0.7936380192047826,0.6805325571521084,0.5377123536174669,0.6784682878279384
79,0,22.509044444444445,120.39451851851852,1901.7824603222105,1,0.7371013333593314,0.4342639494683118,0.6640374979616507,0.6702164084528388,0.4525965646522808,0.9254377099085539,0.5347100990704371,0.668688293195298,0.8253204436508067,0.798066911116508
80,0,22.50705681818182,120.38671818181818,414.5187375265755,1,0.7109115058313333,0.7690762156272611,0.5556332834375455,0.6411347199444781,0.7816461968740547,0.6566864250641156,0.7976842832697256,0.7521812760943064,0.7827722603133954,0.5874241850105626
81,0,22.48597741935484,120.39337096774193,71.35407679362852,1,0.7964910374730583,0.6501650021739003,0.8244872044757398,0.5327534180476515,0.6518451096355016,0.6514441142795898,0.8637455788404153,0.688594954078019,0.7406885409075822,0.6832808720830101
82,0,22.499915,120.3903825,1082.211532442677,1,0.7241532246819133,0.6707931605942394,0.646168933099538,0.4870517910911335,0.5782708407949411,0.6981141590343479,0.7672991271101999,0.6432608665793034,0.6612642770831557,0.5164068983790561
83,0,22.518487234042553,120.39346808510639,1349.243635446873,1,0.5982636731709622,0.7362694717679652,0.6136852761443485,0.691959479903282,0.7127079878132793,0.6204307501327219,0.6547865674654468,0.6481972600600875,0.8374482436218994,0.9440711590690637
84,0,22.513334042553193,120.40190425531915,4174.10830977906,1,0.6471053989334153,0.8526556255712724,0.7043215364516808,0.5606231032970296,0.5431367318285527,0.6947479071384021,0.594378908170069,0.6736662841584585,0.4771159091346401,0.7340976409052394
85,0,22.48659142857143,120.40897142857143,570.5027194499286,1,0.8326499364233996,0.7157991072421737,0.7528093489946154,0.812731347860504,0.6693575393901996,0.7075266864125673,0.691699875409639,0.7399503049716109,0.7005462411917934,0.669831761239281
86,0,22.5218,120.41174285714285,9999.666656901702,2,0.670991547384153,0.6136161099263802,0.7014971144890086,0.7741478349631934,0.6106580504398763,0.645401008322315,0.6059895424113781,0.9065171514693653,0.6769897730897692,0.6950184871106303
87,0,22.47758529411765,120.41123529411765,1067.0067389632773,1,0.6789424919594196,0.5940990506176421,0.6415767547042848,0.7231438352405694,0.9382899540220908,0.5875698043817981,0.7959903205457535,0.8089912149900595,0.6740774782013788,0.6982243084534573
88,0,22.478282142857143,120.40865714285714,1298.44081371254,1,0.5431117435441029,0.5944001771105842,0.5871185582062598,0.8012939274749262,0.7092422074303554,0.7639192365409722,0.5719044079117798,0.6417497609335898,0.5023737873418589,0.6728545729516795
89,0,22.497585542168675,120.40750240963855,918.0990218252199,1,0.720317481147805,0.6910217931500485,0.6919623700724337,0.7558813263812179,0.7618232536138574,0.6719711275311661,0.9043856695731758,0.7127156011458171,0.7537475627472798,0.8370979299657553
90,0,22.49377619047619,120.38499047619048,2384.2173862497716,1,0.7871784639033297,0.7354124913835653,0.5896607314485645,0.7635789663639101,0.7414430853195781,0.5815157244415133,0.7722356864561126,0.6481004463727053,0.5836030032888815,0.7197516824195408
91,0,22.50349297297297,120.39100810810811,1157.624647503974,1,0.6145869559562064,0.6655952313194943,0.7729242856684782,0.6444739574461228,0.5811921034724247,0.7543934403540118,0.4272441457294158,0.8164780031395358,0.5999620958658538,0.6700655996572814
92,0,22.49117857142857,120.39340952380952,4809.263066430101,1,0.671789395733357,0.7981789358605587,0.517347562236031,0.7940194932403664,0.5751086298123179,0.7400069893215536,0.5791437085835633,0.7918806099591605,0.7287062887987799,0.7627284201475126
93,0,22.49735375,120.38381,976.4295011016991,1,0.6774068338257884,0.564457085106844,0.6782661220762192,0.6280062949015671,0.8664495320248723,0.6908557877847256,0.6159142076359163,0.8167787081762439,0.8960418982189782,0.6929072687723404
94,0,22.509361666666667,120.36697,2661.1125118311847,1,0.7910448547535547,0.6883139620364982,0.6934767637346667,0.5249083718485107,0.6100710914365587,0.48700137396247056,0.7074984531579315,0.8564877227218999,0.7951666452352172,0.7791400388802319
95,0,22.51853714285714,120.40553714285714,3064.451015500528,1,0.5704791353905732,0.7370795864888525,0.8614511362318096,0.7272269927362633,0.696099784002443,0.6673337245112261,0.6706868332146617,0.6029226927549128,0.7746797184510633,0.7891964060055066
96,0,22.50962380952381,120.38049523809524,1115.8862031919389,1,0.7666426768668863,0.6289595267241873,0.7904441674736946,0.6889807064457814,0.7303820938267008,0.8245034100238086,0.7358055482850179,0.8107279934632661,0.4716460136551509,0.7014555638895276
97,0,22.525580701754386,120.39805087719299,4542.601118525678,1,0.6949531798026904,0.7690087727813867,0.6527294686568894,0.7068541837825527,0.6640148226439417,0.7451611759524521,0.7189282131014091,0.8028036528565822,0.582198864935074,0.7090894250852231
98,0,22.497825,120.39402916666667,4924.635179161077,1,0.5935932942264206,0.8360524563566019,0.8259088279413566,0.5788931772436989,0.8696882255931093,0.6721630103786486,0.9288509092940005,0.7952211228482303,0.6361799509817306,0.7897033415465746
99,0,22.508167391304347,120.40216956521739,999.4849302623281,1,0.839182577113656,0.7692043554946123,0.73300014512758,0.5140733357939625,0.8373986630704989,0.7644681893821632,0.717736815239876,0.7715403258184428,0.6486947013168871,0.6719117765054412
100,0,22.503764705882354,120.4133411764706,124.1345682769277,1,0.4796321825352174,0.792403819390307,0.6207292862395896,0.7718144861795166,0.5863581163543357,0.835117808189374,0.7217388191284717,0.7561652937725709,0.7074435704118837,0.8277370018195751
101,0,22.507430952380954,120.40545,1913.2814848184164,1,0.6267390386377634,0.8167786622037578,0.625160885163711,0.6820528076753114,0.4719976388944431,0.7974159448773321,0.46683919178183475,0.800540446775945,0.6279317007026779,0.6459288619845173
102,0,22.505574545454547,120.38461636363637,11488.401410356684,3,0.6108970858068452,0.6382486917367373,0.7593432340773784,0.7101321211298716,0.6895135976367132,0.6227497625146565,0.6519535858839008,0.7301427859018299,0.756663878956523,0.6335346438831344
103,0,22.50108404255319,120.3855085106383,93.56242199260791,1,0.6146210569707151,0.7105508471820631,0.7213298119762787,0.7972169673667657,0.6241615276460667,0.7593293255518865,0.8402627758945221,0.5759040841256913,0.43532538402509147,0.6326254989866922
104,0,22.478728571428572,120.40482142857142,596.5189464002439,1,0.6397416792793718,0.6412844806478326,0.699468337177171,0.7268275051760383,0.7677885349042519,0.7475258615468562,0.7849984609323122,0.8028772366471809,0.5747832539582279,0.8189390676706414
105,0,22.532326315789472,120.39961403508772,1733.3656029659905,1,0.6981052622624712,0.6181985973289207,0.6172579476364625,0.6908631811918089,0.6078467988763108,0.5478489795688948,0.7064632114748146,0.6705958021040177,0.6440943414873409,0.809263806142932
106,0,22.509214285714286,120.38928775510205,43.192209165353084,1,0.4837163436984661,0.5539316547555899,0.7657235613876229,0.633920989833966,0.6517534593403815,0.8989836177954315,1.0145578005239415,0.6952931115321039,0.6146175248051755,0.7205604016186702
107,0,22.504350000000002,120.3752,927.6041382118325,1,0.5781086256928513,0.6250455318599869,0.7955214763577128,0.8211079321874682,0.725373458816548,0.752599594960311,0.4895738270249733,0.7894326948227351,0.631143328567652,0.8638660083493434
108,0,22.504537735849055,120.38935943396227,1794.1708398062704,1,0.5989195414975822,0.6999560916016048,0.6633750599546382,0.7108280388604369,0.8291564419736934,0.7524420371310836,0.5543868007815825,0.8644526733963571,0.8582843564578155,0.8855429590544461
109,0,22.504073880597016,120.39309402985074,1805.2470410144078,1,0.7081681718698721,0.633891718640225,0.5934890059634861,0.6881760686624718,0.6770596044075603,0.5875165772946316,0.7276620028314434,0.6692995965617318,0.5547771490302562,0.6381777958287848
110,0,22.505648091603053,120.38990610687023,9134.353874258077,2,0.6824830476967277,0.6753935730050321,0.7418360255586034,0.6819797848406896,0.7570528889648782,0.6945685281428812,0.9582660751945633,0.45136629801706196,0.7389187548935,0.7598386761215238
111,0,22.504603125,120.39583125,504.85557413621666,1,0.7572086937863951,0.6910574083890513,0.6994159640136893,0.7142404385588308,0.7737833817203923,0.5772716920183087,0.7676973288776419,0.7648851814384527,0.6230929005112351,0.5361311375871939
112,0,22.47928085106383,120.41028723404256,1355.7045509238171,1,0.7926937084331406,0.895655840795515,0.6525911275824043,0.6518414629694689,0.6031706579627927,0.7730217729765222,0.8046582683277991,0.48202278867470905,0.5039713996344455,0.7119608820904473
113,0,22.501308620689656,120.39971551724138,2090.7841290879737,1,0.7751611916751424,0.7852814919803136,0.67978160491701,0.7804275756786494,0.7012216031512061,0.7298112096769536,0.8213049967810169,0.6610989131912353,0.8309002134031089,0.7234689525903313
114,0,22.5274,120.3791,2629.094782007751,1,0.6058916048247729,0.7470537858289756,0.6974442915563958,0.5244299718475074,0.6529188163098711,0.793709340789053,0.7151256786601667,0.7433756396577348,0.6081121101299624,0.8838835704623965
115,0,22.514591489361703,120.38876595744681,1822.401555742564,1,0.6365852323975665,0.7985149508994162,0.789349730333856,0.7005810335566267,0.5925283660315581,0.774040980649588,0.7794429476315344,0.7541161707880335,0.7936918421112493,0.6616629906050853
116,0,22.503167346938774,120.36818979591837,3220.2458233463285,1,0.6435028478259917,0.7316995032949447,0.7473835749954215,0.5883704374495647,0.5876719809309106,0.553567310609473,0.7455873915235367,0.7000992302621405,0.6510434679982938,0.7386073002171085
117,0,22.527686666666668,120.40142166666666,1291.2863621378801,1,0.6512315439791427,0.6165880299416682,0.6233334929393239,0.7339452648658584,0.6594388264420769,0.627364423361153,0.5936084286607207,0.6628982341070656,0.6263147906139438,0.7853382311872159
118,0,22.506218134715027,120.39739637305699,649.3099412046487,1,0.5751481542927943,0.6478166309839009,0.6474387899007676,0.6893300227004756,0.6491701223747359,0.7771653037608757,0.537212567322382,0.5470493318164575,0.8027247045598879,0.7363019823101268
119,0,22.49659677419355,120.37887741935484,618.6885998758214,1,0.4234083156166402,0.6763338570661188,0.6104961003065875,0.5545673325538741,0.7499096004783279,0.8749254304476193,0.8000676116712337,0.8257867965973547,0.7101172761076988,0.789430548475928
120,0,22.534545,120.404415,1751.8401575542302,1,0.6253959758245315,0.8582230666055227,0.7696324446937066,0.6423037036860711,0.8090847345729478,0.7744179956493279,0.5988176262652296,0.6493669070462091,0.9275795355318313,0.8223445242256622
121,0,22.483435483870966,120.41013870967743,2537.495075324723,1,0.4881141239103427,0.9559201171275717,0.6259272312312238,0.6842220857475958,0.7501397925016953,0.6506379936316447,0.8683578818386857,0.5914306974008385,0.6116759020363761,0.8864269776900386
122,0,22.505845588235292,120.36894558823529,8937.171947850271,2,0.7483889733098628,0.6077158451078313,0.7979481610244314,0.7270727255420293,0.7235970658941278,0.7301149607566304,0.7954238683585448,0.658425154150191,0.81518078674505,0.5294795795758317
123,0,22.48868253968254,120.39833174603174,4703.649863213451,1,0.7092258484448609,0.8468404765128454,0.7603808524239658,0.8122396604295501,0.8074685296797748,0.6281630852740079,0.6106129490925286,0.5979109972901164,0.7333656130109114,0.743085176898773
124,0,22.506671052631578,120.39297894736842,604.3818992040519,1,0.7250868174746843,0.747005192178693,0.5786236332482024,0.7748202124427693,0.6368897698763004,0.7527396322512812,0.6201402953282927,0.5692443347272599,0.6741320719681664,0.7065546800721368
125,0,22.482718181818182,120.40238181818182,4656.996429967732,1,0.5164069245250095,0.7241258533316386,0.7246305852132175,0.5906490752170047,0.7791299569458148,0.7678829020795637,0.7056932193405986,0.6829165366368716,0.7224746552411258,0.6114102857591359
126,0,22.502742857142856,120.37896,541.747704481822,1,0.6314554769589005,0.7410008104561272,0.6829917162305305,0.6780945395155848,0.7088366731865697,0.5506773522292131,0.714473941742898,0.7154435997414114,0.7637089261952236,0.8196336743473234
127,0,22.502642253521127,120.39851830985916,846.9691329473978,1,0.7333712641034213,0.7209652515262401,0.6360788844919728,0.675155271501982,0.6768258320076923,0.6771211859284073,0.5222835241115324,0.7278137613218634,0.5296976373258042,0.6615310947371049
128,0,22.502130612244898,120.38020612244898,26.990600465753182,1,0.6627082315980523,0.6070144847165257,0.6577272629555186,0.6057658389480165,0.5792589969136375,0.8570711369240018,0.7266094081921793,0.6827587921938002,0.8325573437512203,0.6335702039869191
129,0,22.523552631578948,120.39753859649123,150.1522660836852,1,0.653943239689343,0.6686182070948734,0.5105856429199614,0.8978451866095867,0.8307286669688083,0.7196734781276055,0.6887557311600551,0.7376948703175944,0.5799280297916724,0.6715770498062158
130,0,22.51187424242424,120.39494393939394,427.2012501861641,1,0.5687961906894532,0.9602319215813968,0.6258370429225038,0.819192863901044,0.6834744082140214,0.9689421460352403,0.7471775760907629,0.5692923339024544,0.6751140983833601,0.8103662032299568
131,0,22.513603636363637,120.40604363636363,6051.039720986145,2,0.6733558120520654,0.6630815872207086,0.6219638642519904,0.9092800241200203,0.7155978689464366,0.6404406686174843,0.7889945745534745,0.6478332578152022,0.7022767399514881,0.7625469516614353
132,0,22.501929411764706,120.38743921568627,958.3340602249936,1,0.7579235582877649,0.7069048789480219,0.8302611859612413,0.8855330514340918,0.7780451567600439,0.8196673788401023,0.8291821249220314,0.7867088658134664,0.7733941986971922,0.7836674737979065
133,0,22.501892,120.383086,4542.0926735479425,1,0.7638770834814258,0.7264929199196776,0.7019823341149785,0.6712149361839896,0.6458389989816145,0.6366329653403747,0.6468473933713841,0.670600546161087,0.9087366750550542,0.7970035177688632
134,0,22.510575757575758,120.39102121212122,293.8434527908798,1,0.6269643754302788,0.8532784007634804,0.8466303978178638,0.7534955441324155,0.5821425594854097,0.8025750020790609,0.6210220818375253,0.7438295263378616,0.7485694574185622,0.7854733798542884
135,0,22.53295,120.41460000000001,114.55199690718044,1,0.7437461055129595,0.7873904701510351,0.5920050472234306,0.6915660313597519,0.4107573773940693,0.712555162305679,0.667488416981845,0.7794269042361585,0.6017001096457633,0.8751204660999872
136,0,22.510231292517005,120.39260068027211,5874.6808307821575,2,0.5202960572619146,0.8794148131450314,0.7627648967517977,0.906897717722507,0.6145085472105307,0.6921019761870794,0.67464122269223,0.7775779210540763,0.7060483372923189,0.7156150737324245
137,0,22.503625423728813,120.39500847457627,3067.475593932975,1,0.51326866616103,0.7313899812229515,0.7469477528356773,0.731078387175096,0.69421335676212,0.7251705255513067,0.5605681807312924,0.6046387699086342,0.6496324753368773,0.7769151271980892
138,0,22.508772277227724,120.39043564356436,2305.7343332664577,1,0.6363788698136806,0.724475009245345,0.7408579944472198,0.6663867899716391,0.8100248205575848,0.6799242571806324,0.5319949060230421,0.8160100198742979,0.6658818862186702,0.7805122870363218
139,0,22.50194864864865,120.3708027027027,823.857076490921,1,0.8685879446582467,0.7110166809762719,0.8365712473347195,0.8890120294478023,0.7175774050378079,0.6542789584370028,0.49878610026220915,0.8122402046593998,0.8247820645630901,0.629564855723771
140,0,22.48672923076923,120.39682923076923,179.51555678707712,1,0.6348868969872293,0.7312080394377694,0.589294624032479,0.780517808320286,0.6744105847294322,0.774403743717739,0.3109688951302234,0.685208511724019,0.6313448264994684,0.6710171318427239
141,0,22.50916727272727,120.37408363636364,6744.000671564789,2,0.5410145997210398,0.6772588703726806,0.8303488783572446,0.6291786097389419,0.5909871494138734,0.7476727069130094,0.8157478773389901,0.5792025829172934,0.5546145795852451,0.9991532295400606
142,0,22.52989574468085,120.39874042553191,164.29830208454246,1,0.7398501145315841,0.6668324549833349,0.6283974589715556,0.6176447119527874,0.7751390483183322,0.8391011587805706,0.6931364499407868,0.7097971777694829,0.8478865913931667,0.6803502790312385
143,0,22.52707804878049,120.39778048780488,2129.890510875847,1,0.7783646477354723,0.7577947314984447,0.6432437407859922,0.6558389707282677,0.5449654566326032,0.663183958603993,0.6479795934753627,0.6762330628404009,0.6869934465743649,0.7235471182927785
144,0,22.498301694915256,120.38172203389831,4374.276782377821,1,0.7180252428922409,0.7004240342837061,0.7379187051414686,0.588430887736472,0.5421273426149336,0.5921430366519415,0.6917967621190061,0.6486817095827054,0.6769711508625581,0.8208570720986714
145,0,22.507904347826088,120.38798985507246,3212.1832098155905,1,0.6982618182104409,0.7326142193498086,0.7864180358863738,0.4780126560157647,0.6643540703052232,0.8542910635105545,0.7295002434433379,0.7679210490366745,0.5799169270778151,0.9346259773016521
146,0,22.506556790123458,120.39099012345679,4417.213635818686,1,0.7640497870839039,0.7276746254742483,0.6452027379638139,0.6529774117489955,0.8634127289879552,0.7534592791253798,0.7115926227378068,0.7606116613595741,0.6850136968200993,0.9188202902602602
147,0,22.488042307692307,120.39101153846154,697.4438607796538,1,0.5408763656322958,0.5871414322112382,0.7270769236259624,0.7228641637792856,0.5287202872403313,0.8967845503824886,0.7418136540645973,0.7476416232662658,0.6717233889060635,0.7386316916363829
148,0,22.492914285714285,120.38961428571429,1422.935421995957,1,0.8394546787227382,0.7505498070254123,0.6999503702661123,0.7601874388818984,0.6218373000685705,0.8026276348260927,0.6952915296351271,0.705621166731304,0.742357223222397,0.7067447483017398
149,0,22.496713333333332,120.38647333333333,1171.6245113463497,1,0.7135093843907874,0.8037647964057361,0.7336909699601598,0.7754875073173358,0.6291607043201379,0.8478229178276692,0.6998396823717378,0.6677563959538322,0.6360869760060485,0.7456854664804
150,0,22.52351212121212,120.40777878787878,3485.4450300178714,1,0.681227070290126,0.5982031637225396,0.6534836941525468,0.5674994611840569,0.8074827329357335,0.94174183949881,0.6513890784279205,0.7333883235909676,0.7674912347476676,0.7405608325158196
151,0,22.488375342465755,120.39495068493152,1297.2939131194619,1,0.5617066242138145,0.6552229209923633,0.8116178294884018,0.8761615220034926,0.5829787887441344,0.7236125732547964,0.7279626582897734,0.7161461500661296,0.8373309524547177,0.6593678200719241
152,0,22.507322,120.385302,6141.490642605993,2,0.6494122776870118,0.8790550823385883,0.8272472471584098,0.6688407684738602,0.7273697652264963,0.6140815552435285,0.7540241649661048,0.7512582399279454,0.6199829230524376,0.7069514974357729
153,0,22.502222222222223,120.40179111111111,3771.8477679065536,1,0.7696979694261924,0.666003360538541,0.5920404851175394,0.8184834057348288,0.6048193648602533,0.8469108906439761,0.6589657164539646,0.7217677157858843,0.6300169934039489,0.5721304638976923
154,0,22.512138095238093,120.38018095238095,904.7641220715876,1,0.6855046184917052,0.9098574671992811,0.5606852992291361,0.754538579970178,0.7029397047403152,0.5587998802180638,0.7971605836651808,0.5878564014572152,0.7420340578568718,0.802922069010616
155,0,22.499942307692308,120.404,2445.38471237884,1,0.7412145654139185,0.682744983969313,0.6515558846775936,0.5661332869133037,0.5611890492504139,0.5760779958614577,0.702492832622152,0.7490963472766707,0.7303232535346335,0.7771252337861352
156,0,22.512705357142856,120.39324464285714,2801.140611378521,1,0.7712494635942639,0.589198651167141,0.5213977728437136,0.8542850359844585,0.7363677481896058,0.5575550579740377,0.6402558548765965,0.6305184301899762,0.7323025206196772,0.9201776385808387
157,0,22.512757142857144,120.40295357142857,720.4193729298893,1,0.6324125427152862,0.6840545558833123,0.6683096382100943,0.8214700073608739,0.5375090528273524,0.820034820975732,0.6309141774855638,0.7802964743021309,0.7082478194957285,0.7325353817467111
158,0,22.508795744680853,120.4005829787234,25.737476305180213,1,0.6208664905025097,0.547735823544885,0.8132787063075728,0.7836558457586553,0.6523328003545148,0.5662059630885367,0.6419401953910481,0.6677533355837003,0.6830092094064307,0.7985005673174589
159,0,22.503222972972974,120.38876756756757,10260.893302223913,3,0.8169297676571463,0.6706775807338715,0.6260892094485598,0.6823404477821459,0.7743485871975677,0.7859473788111235,0.6150826886849671,0.590582296165449,0.7298338044849333,0.6545242405194559
160,0,22.507145901639344,120.39665983606557,916.1615475894622,1,0.6895934976207052,0.7489404485912198,0.8637667030745596,0.7575775688887432,0.790493649227438,0.7373096386664146,0.5157084253863866,0.8619309056167579,0.5619817849972426,0.620008043571453
161,0,22.48636049382716,120.3984,3606.088688635777,1,0.7465794601900559,0.8286420153819031,0.7917950323778644,0.6851301091962011,0.7601061511482728,0.7008166491782064,0.7789397906966573,0.825178388534838,0.5258301326305982,0.9444969184485242
162,0,22.499329411764705,120.41415294117647,4716.575626819772,1,0.7727436176264038,0.6700663518244414,0.8291576028388611,0.685528833570124,0.636989853342485,0.8025758574493809,0.5059821586936032,0.6910992779353953,0.7589636897346025,0.7261144857647284
163,0,22.524931944444443,120.39640416666667,3876.322146209117,1,0.7375730312042375,0.821224407616548,0.7777368777610667,0.5960337099586392,0.8314446965162229,0.6311078545488265,0.63401755369133,0.5490795926776687,0.6293426831360457,0.5537807462859455
164,0,22.505294117647058,120.40014705882352,3833.1282248954262,1,0.8260204732017427,0.7177378707449842,0.6745597236639946,0.7073145320012028,0.7019963006183108,0.8785878066568705,0.900754074930161,0.6590460109298479,0.4786125696271296,0.4182097341551895
165,0,22.500558064516127,120.38156612903227,4104.260462085817,1,0.6154295006705783,0.7194012782122052,0.8030677789742575,0.7619812847078484,0.6734905612364694,0.8099377612376771,0.6697723550215876,0.6774853733286398,0.8756352059060685,0.6042156317891878
166,0,22.51076857142857,120.38682,4520.311441203217,1,0.6575120618551767,0.4776171456614045,0.6751005182214911,0.6226279016311308,0.7630005512723158,0.6995278979906195,0.5170856840730296,0.8261301536398491,0.5581412450005105,0.5846052458754455
167,0,22.508612,120.364444,1440.8602184474332,1,0.7774102622007543,0.7182684246819706,0.4232315165621501,0.6919121335071303,0.6941343213198133,0.592924512919567,0.639898903363447,0.9148237656926836,0.7145193800058725,0.5722505071477147
168,0,22.4942,120.39374,9032.69247629465,2,0.7710998740608149,0.7640191393357135,0.6447378105890239,0.6066058412578719,0.5913874741529268,0.7094025275803587,0.6946153908832673,0.6453333755395808,0.8684280470903787,0.7681486161969374
169,0,22.50312985074627,120.39756865671642,816.2517473251675,1,0.5594735835802304,0.8168261624692044,0.7258698459911611,0.6537601025866233,0.8531065544222721,0.8019860447785092,0.6209286500340163,0.5320427783315251,0.7351542868242854,0.7602079333016678
170,0,22.526733333333333,120.4072,2075.3164321588847,1,0.5944162829428246,0.7386825307774513,0.7715576274494125,0.6785172141366336,0.612116030563442,0.8167336675707115,0.5600992433822946,0.6675801920285712,0.4896351475523094,0.6332350778821276
171,0,22.508606976744186,120.3925988372093,4013.0422674837,1,0.5609358938990657,0.8369604802957226,0.7149329637241839,0.6760131070460523,0.45811692414819205,0.6745263411333229,0.6130553437322988,0.6778609781890245,0.7151219264160529,0.6422645596171338
172,0,22.507586868686868,120.38961212121212,7465.580002291619,2,0.8194351674238189,0.589018115664258,0.6499216314623186,0.6282136340751704,0.5252713404117654,0.6759694571400979,0.7283641500808221,0.9017895328566502,0.6139546714065497,0.7688721113754374
173,0,22.50041111111111,120.3764,6130.988508592015,2,0.6573562906781266,0.8601766619505009,0.765626741827471,0.6078153962373656,0.8028348558873353,0.6378034478109721,0.7532845665282069,0.8068835430446745,0.8105555016658025,0.7321441402487218
174,0,22.502957692307692,120.40595,3129.1003321386193,1,0.7175582843155751,0.9209837011275741,0.6669079013546483,0.819227496421604,0.6073983533886101,0.6824443714875728,0.5865388134466112,0.7741650067482938,0.8794091011674007,0.7422041698329748
175,0,22.496623529411764,120.38440588235294,3988.7853429809184,1,0.5298023277046819,0.8198185481789834,0.8531099182465701,0.7642362187862275,0.7371342577843102,0.759608398794442,0.7569077171805607,0.7427114095168011,0.656762794080038,0.6608558796331687
176,0,22.5273421686747,120.39912048192771,1497.8788474769044,1,0.5784736704084262,0.7962238143011015,0.7269985233960459,0.5958199563879855,0.6301863234263616,0.6731558797078029,0.6777921276233151,0.7650825442260885,0.6970986018621094,0.7748835718643277
177,0,22.504428125,120.379384375,1103.1873574127922,1,0.5809246635897102,0.7608501032836053,0.6918074574368351,0.7116268097095855,0.6297412024990644,0.8962702062379837,0.7129459637878802,0.8144865718317063,0.7488163029615658,0.6371353602307709
178,0,22.535518333333332,120.40086666666667,471.4123966206347,1,0.7004676522240484,0.6947450460500445,0.49633551705133694,0.5215767323741766,0.762301938337965,0.6773217136933829,0.7669362012206913,0.6791467107291014,0.8100098272928762,0.6978941204842195
179,0,22.5232,120.389,2333.688480470401,1,0.5536949404096296,0.6647598165527869,0.7049401411279216,0.7694155020753809,0.6143835943597473,0.6060160343522248,0.8475725912183254,0.8441351169730813,0.748094332370247,0.8086071514758857
180,0,22.505910638297873,120.3952829787234,937.4401421414635,1,0.7017738013032794,0.9105508615553599,0.6321259668247377,0.6765899451195159,0.5975756379542314,0.8301221854559889,0.7301068545908393,0.6370071446344415,0.7459860577647623,0.8440696285967849
181,0,22.51988181818182,120.39652272727272,2599.4653316755966,1,0.4704542344634294,0.7449096634881359,0.6305816654700482,0.6175679214822952,0.5856389004341812,0.7736485596374563,0.6574585481920714,0.7586995065352632,0.5921446397943438,0.7505970630006442
182,0,22.51310263157895,120.38306578947369,604.3512501205367,1,0.8323584152904417,1.029902156388754,0.6995012072748514,0.7567915491008195,0.7139752912442714,0.7383548528032282,0.6640725871030192,0.6684796554897044,0.7100856201943337,0.6572431417556381
183,0,22.49026111111111,120.39714444444445,1171.8440772062984,1,0.6614432951904535,0.8124544284492666,0.6965975284995382,0.7870428238391008,0.715376925634903,0.6638472474907184,0.60556189214351,0.63430341069542,0.7650453230825652,0.638242461104104
184,0,22.51143777777778,120.39094222222222,1488.2021230987586,1,0.650385001193636,0.704044222911217,0.6843930026562973,0.8693616593660701,0.5425902544730329,0.7028169140787405,0.6619530440504494,0.707298302861807,0.6515604937440316,0.8155651722792765
185,0,22.50393111111111,120.38273555555556,37.39585476996246,1,0.5839383992651898,0.6313784317121633,0.7563147122706513,0.7179507492330194,0.7872666023170475,0.6506184592444851,0.6628114350264043,0.7762369027852871,0.5563939813407084,0.6895955136340552
186,0,22.499096875,120.3856375,4423.403229255384,1,0.7580034452131917,0.7540348178292284,0.422663597462419,0.8681521279646919,0.7862485504612056,0.6125115122416812,0.7470278455085184,0.8503181466588887,0.7313877893101185,0.3987556549774305
187,0,22.50833,120.37848249999999,1524.0702993435023,1,0.9113592828396877,0.6709650882895091,0.5276304520011383,0.6266811534133193,0.7882068950378329,0.6069059497589686,0.6592309176944728,0.7006169902016345,0.5853753310270716,0.6621225745177252
188,0,22.513023684210527,120.4050447368421,1146.4670869263798,1,0.5739496501259904,0.7130151543123125,0.6803508330240544,0.8627431877980876,0.7950956968842752,0.5620048758874004,0.5717012500601657,0.8243517254256851,0.6083630138063327,0.7988349174287661
189,0,22.494022857142856,120.3830942857143,1620.1683000538485,1,0.7701122622010391,0.7351323254593293,0.7616701222006433,0.6541884683613167,0.7027418485445686,0.7107514824295058,0.6124805307928747,0.6957196876469065,0.6376016626713192,0.8111646326335014
190,0,22.484744,120.401268,538.5148741525667,1,0.8060972104580916,0.7608716553559187,0.6541113403265782,0.6390431008102179,0.7088032634608532,0.937571984144314,0.940015111104991,0.6427001556081107,0.6927821503794118,0.52211071636434
191,0,22.507867647058823,120.36838235294118,3256.297266059188,1,0.7743536759847568,0.7627818698214485,0.6426183389544035,0.6746874937292094,0.7594730837489022,0.7618044081051482,0.625750302759742,0.7664381799664415,0.8903712416099482,0.7768363116293437
192,0,22.481488235294115,120.41107647058823,1773.4637927561,1,0.617771350766439,0.5819963145004182,0.709026451041352,0.8837088431646836,0.7717609549721975,0.7098228551544253,0.8364904100200137,0.8193709268825606,0.5972219263049552,0.8183089971674917
